<?xml version="1.0" encoding="UTF-8" ?>
<!DOCTYPE mapper PUBLIC "-//ibatis.apache.org//DTD Mapper 3.0//EN" 
"http://ibatis.apache.org/dtd/ibatis-3-mapper.dtd">
<mapper namespace="cn.itkt.btsf.phone.helpproblem.dao.HelpProblemDao" >
	
  <resultMap id="BaseResultMap" type="cn.itkt.btsf.phone.helpproblem.po.HelpProblemPO" >
	<result column="ID" property="id" />
	<result column="CLASSNUM" property="classnum" />
	<result column="PROBLEM" property="problem" />
	<result column="ANSWER" property="answer" />
  </resultMap>
  
  <select id="find" resultMap="BaseResultMap" parameterType="Long" >
    select ID,CLASSNUM,PROBLEM,ANSWER
    from BTSF_PHONE_HELPPROBLEM
    where ID=#{id}
  </select>
  <select id="count" parameterType="java.util.Map" resultType="int">
  	select count(h.id)  from BTSF_PHONE_HELPPROBLEM h                    
	  	<if test="classnum!=null and classnum!=''">
	       where h.classnum=#{classnum}
	    </if>
  </select>
  <select id="findAll" parameterType="java.util.Map" resultMap="BaseResultMap" >
           select   
                ID,
                CLASSNUM,
                PROBLEM,
                ANSWER
           from (select ROWNUM RN, 
                        t.ID,
                        t.CLASSNUM,
                        t.PROBLEM,
                        t.ANSWER
                   from (
                   select  
                        h.ID,
                        h.CLASSNUM,
                        h.PROBLEM,
                        h.ANSWER
                   from BTSF_PHONE_HELPPROBLEM h
                   <if test="classnum!=null and classnum!=''">
                   		where h.classnum=#{classnum}
                   </if>                   
                   ORDER BY h.CLASSNUM
                   )t
           <![CDATA[
      where ROWNUM <= (#{startIndex}+#{pageSize})) where RN>#{ startIndex}
      ]]>
  </select>
  
  <delete id="delete" >
    delete from BTSF_PHONE_HELPPROBLEM
    where ID in
    <foreach collection="array" close=")" item="id" open="(" separator=",">
    	#{id}
    </foreach>
  </delete>
  
  <insert id="create" parameterType="cn.itkt.btsf.phone.helpproblem.po.HelpProblemPO" >	  	
    insert into BTSF_PHONE_HELPPROBLEM (ID,CLASSNUM,PROBLEM,ANSWER)
    values (
				S_BTSF_PHONE_HELPPROBLEM.NEXTVAL,
				#{ classnum, javaType=String, jdbcType=VARCHAR},
				#{ problem, javaType=String, jdbcType=VARCHAR},
				#{ answer, javaType=String, jdbcType=VARCHAR}
	    )
  </insert>

  <update id="update" parameterType="cn.itkt.btsf.phone.helpproblem.po.HelpProblemPO" >
    update BTSF_PHONE_HELPPROBLEM
    set
				ID = #{ id, javaType=long, jdbcType=NUMERIC},
				CLASSNUM = #{ classnum, javaType=String, jdbcType=VARCHAR},
				PROBLEM = #{ problem, javaType=String, jdbcType=VARCHAR},
				ANSWER = #{ answer, javaType=String, jdbcType=VARCHAR}
	    where ID=#{id}
  </update>

<!--codegen-->

</mapper>