<?xml version="1.0" encoding="UTF-8" ?>
<!DOCTYPE mapper PUBLIC "-//ibatis.apache.org//DTD Mapper 3.0//EN" 
"http://ibatis.apache.org/dtd/ibatis-3-mapper.dtd">
<mapper namespace="cn.itkt.btsf.phone.circum.dao.AirportServiceDao" >
	
  <resultMap id="BaseResultMap" type="cn.itkt.btsf.phone.circum.po.AirportServicePO" >
	<result column="ID" property="id" />
	<result column="AIRPORTID" property="airportid" />
	<result column="SERVICETYPE" property="servicetype" />
	<result column="AIRPORTNAME" property="airportname"/>
	<result column="SERVICEINFO" property="serviceinfo" />
  </resultMap>
  
  <select id="find" resultMap="BaseResultMap" parameterType="Long" >
       SELECT s.ID,
         s.AIRPORTID,
         s.SERVICETYPE,
         s.SERVICEINFO,
         s.AIRPORTNAME
       FROM BTSF_PHONE_SERVICE s
       where s.ID=#{id}
  </select>
  <select id="count" resultType="int" parameterType="java.util.Map">
		SELECT count(s.id)
		FROM BTSF_PHONE_SERVICE S
  </select>
  <select id="findAll" parameterType="java.util.Map" resultMap="BaseResultMap" >
           select   
                  ID,
                  AIRPORTID,
                  SERVICETYPE,
                  SERVICEINFO,
                  AIRPORTNAME
           from (select ROWNUM RN, 
                          t.ID,
                          t.AIRPORTID,
                          t.SERVICETYPE,
                          t.SERVICEINFO,
                          t.AIRPORTNAME
                   from (
                        SELECT s.ID,
                          s.AIRPORTID,
                          s.SERVICETYPE,
                          s.SERVICEINFO,
                          s.AIRPORTNAME
                        FROM BTSF_PHONE_SERVICE s
                        <if test="servicename!=null and servicename!='' ">
                        	left join BTSF_BIS_CONSTANT B on B.Key=s.SERVICETYPE
                        </if>
                        <where>
                        <if test="servicename!=null and servicename!='' ">
				            and B.type_id=32 and B.value like '%${servicename}%'
				        </if>
                        <if test="name!=null and name!='' ">
				            and s.AIRPORTNAME like '%${name}%'
				        </if>
				        </where>
				        order by s.AIRPORTNAME				        
                   )t
           <![CDATA[
      where ROWNUM <= (#{startIndex}+#{pageSize})) where RN>#{ startIndex}
      ]]>
  </select>
  <select id="findByAirportIdAndServiceType" parameterType="java.util.Map" resultMap="BaseResultMap" >
         SELECT s.ID,
                s.AIRPORTID,
                s.SERVICETYPE,
                s.SERVICEINFO,
                s.AIRPORTNAME
         FROM BTSF_PHONE_SERVICE s
         where 1=1
                <if test="airportId!=null and airportId!='' ">
				          and s.AIRPORTID = #{ airportId,javaType=long, jdbcType=NUMERIC}
			    </if>
                <if test="serviceType!=null and serviceType!='' ">
				         and s.SERVICETYPE = #{ serviceType,javaType=String, jdbcType=VARCHAR}
			    </if>
                <if test="airportName!=null and airportName!='' ">
				          and s.AIRPORTNAME = #{ airportName,javaType=String, jdbcType=VARCHAR}
			    </if>
       
	       
	     
	       
  </select>
  
  <delete id="delete" >
    delete from BTSF_PHONE_SERVICE
    <where>
    	id in
    	<foreach collection="array" item="id" open="(" close=")" separator=",">
    		#{id}
    	</foreach>
    </where>
  </delete>
  
  <insert id="create" parameterType="cn.itkt.btsf.phone.circum.po.AirportServicePO" >
	  	
    insert into BTSF_PHONE_SERVICE (ID,AIRPORTID,SERVICETYPE,SERVICEINFO,AIRPORTNAME)
    values (
				S_BTSF_PHONE_SERVICE.NEXTVAL,
				#{ airportid, javaType=Long, jdbcType=NUMERIC},
				#{ servicetype, javaType=String, jdbcType=VARCHAR},
				#{ serviceinfo, javaType=String, jdbcType=VARCHAR},
				#{airportname,javaType=String, jdbcType=VARCHAR}
	    )
  </insert>

  <update id="update" parameterType="cn.itkt.btsf.phone.circum.po.AirportServicePO" >
    update BTSF_PHONE_SERVICE
    set
				AIRPORTID = #{ airportid, javaType=long, jdbcType=NUMERIC},
				SERVICETYPE = #{ servicetype, javaType=String, jdbcType=VARCHAR},
				SERVICEINFO = #{ serviceinfo, javaType=String, jdbcType=VARCHAR},
				AIRPORTNAME = #{ airportname, javaType=String, jdbcType=VARCHAR}
	where ID = #{ id, javaType=long, jdbcType=NUMERIC},
  </update>
  <update id="updateByAirportIDAndServiceType" parameterType="cn.itkt.btsf.phone.circum.po.AirportServicePO" >
    update BTSF_PHONE_SERVICE
    set
		SERVICEINFO = #{ serviceinfo, javaType=String, jdbcType=VARCHAR}
    where AIRPORTID = #{ airportid,javaType=long, jdbcType=NUMERIC}
    and SERVICETYPE = #{ servicetype,javaType=String, jdbcType=VARCHAR}
  </update>

<!--codegen-->

</mapper>