<?xml version="1.0" encoding="UTF-8" ?>
<!DOCTYPE mapper PUBLIC "-//ibatis.apache.org//DTD Mapper 3.0//EN" 
"http://ibatis.apache.org/dtd/ibatis-3-mapper.dtd">
<mapper namespace="cn.itkt.btsf.phone.circum.dao.AirportShuttleDao" >
	
  <resultMap id="BaseResultMap" type="cn.itkt.btsf.phone.circum.po.AirportShuttlePO" >
	<result column="ID" property="id" />
	<result column="NAME" property="name" />
  </resultMap>
  
  <select id="find" resultMap="BaseResultMap" parameterType="Long" >
    select ID,NAME
    from BTSF_PHONE_AIRPORTSHUTTLE
    where ID=#{id}
  </select>
  
  <select id="findAll" resultMap="BaseResultMap" >
    select ID,NAME
    from BTSF_PHONE_AIRPORTSHUTTLE
  </select>
  
  <delete id="delete" parameterType="Long" >
    delete from BTSF_PHONE_AIRPORTSHUTTLE
    where ID=#{id}
  </delete>
  
  <select id="findId" resultType="Long">
  	SELECT S_BTSF_PHONE_AIRPORTSHUTTLE.NEXTVAL FROM DUAL
  </select> 
  
  <insert id="create" parameterType="cn.itkt.btsf.phone.circum.po.AirportShuttlePO" >
    insert into BTSF_PHONE_AIRPORTSHUTTLE (ID,NAME)
    values (
			#{ id, javaType=Long, jdbcType=NUMERIC},
			#{ name, javaType=String, jdbcType=VARCHAR}
	    )
  </insert>

  <update id="update" parameterType="cn.itkt.btsf.phone.circum.po.AirportShuttlePO" >
    update BTSF_PHONE_AIRPORTSHUTTLE
    set
			ID = #{ id, javaType=Long, jdbcType=NUMERIC},
			NAME = #{ name, javaType=String, jdbcType=VARCHAR}
	    where ID=#{id}
  </update>

<!--codegen-->

</mapper>