<?xml version="1.0" encoding="UTF-8" ?>
<!DOCTYPE mapper PUBLIC "-//ibatis.apache.org//DTD Mapper 3.0//EN" 
"http://ibatis.apache.org/dtd/ibatis-3-mapper.dtd">
<mapper namespace="cn.itkt.btsf.phone.circum.dao.CircumServiceDao" >
	
  <resultMap id="BaseResultMap" type="cn.itkt.btsf.phone.circum.po.CircumServicePO" >
	<result column="ID" property="id" />
	<result column="SERVICENAME" property="servicename" />
  </resultMap>
  
  <select id="find" resultMap="BaseResultMap" parameterType="Long" >
    select ID,SERVICENAME
    from BTSF_PHONE_SERVICEINFO
    where ID=#{id}
  </select>
  
  <delete id="delete" parameterType="Long" >
    delete from BTSF_PHONE_SERVICEINFO
    where ID=#{id}
  </delete>
  
  <select id="findId" resultType="Long">
  	SELECT S_BTSF_PHONE_SERVICEINFO.NEXTVAL FROM DUAL
  </select> 
    
  <insert id="create" parameterType="cn.itkt.btsf.phone.circum.po.CircumServicePO" >	  	
    insert into BTSF_PHONE_SERVICEINFO (ID,SERVICENAME)
    values (
				#{ id, javaType=long, jdbcType=NUMERIC},
				#{ servicename, javaType=String, jdbcType=VARCHAR}
	    )
  </insert>

  <update id="update" parameterType="cn.itkt.btsf.phone.circum.po.CircumServicePO" >
    update BTSF_PHONE_SERVICEINFO
    set
				ID = #{ id, javaType=long, jdbcType=NUMERIC},
				SERVICENAME = #{ servicename, javaType=String, jdbcType=VARCHAR}
	    where ID=#{id}
  </update>

<!--codegen-->

</mapper>