<?xml version="1.0" encoding="UTF-8" ?>
<!DOCTYPE mapper PUBLIC "-//ibatis.apache.org//DTD Mapper 3.0//EN" 
"http://ibatis.apache.org/dtd/ibatis-3-mapper.dtd">
<mapper namespace="cn.itkt.btsf.phone.circum.dao.PhoneActivityDao" >
	
  <resultMap id="BaseResultMap" type="cn.itkt.btsf.phone.circum.po.PhoneActivityPO" >
	<result column="ID" property="id" />
	<result column="ACTIVITYNAME" property="activityname" />
	<result column="NAMEIMGURL" property="nameimgurl" />
	<result column="ACTIVITYURL" property="activityurl" />
	<result column="STARTTIME" property="starttime" />
	<result column="ENDTIME" property="endtime" />
  </resultMap>
  
  <select id="find" resultMap="BaseResultMap" parameterType="String" >
    select ID,ACTIVITYNAME,NAMEIMGURL,ACTIVITYURL,STARTTIME,ENDTIME
    from BTSF_PHONE_ACTIVITY
    where
			ID = #{ id}
	  </select>
  
  <select id="findAll" resultMap="BaseResultMap" >
    select ID,ACTIVITYNAME,NAMEIMGURL,ACTIVITYURL,STARTTIME,ENDTIME
    from BTSF_PHONE_ACTIVITY
  </select>
  
    <select id="findByName" resultMap="BaseResultMap" parameterType="String" >
    select ID,ACTIVITYNAME,NAMEIMGURL,ACTIVITYURL,STARTTIME,ENDTIME
    from BTSF_PHONE_ACTIVITY where ACTIVITYNAME= #{ activityname}
   
  </select>
  
    <select id="findAllForPage" resultMap="BaseResultMap" parameterType="java.util.Map" >
    	  	 	<![CDATA[
    select A1.ID,A1.ACTIVITYNAME,A1.NAMEIMGURL,A1.ACTIVITYURL,A1.STARTTIME,A1.ENDTIME
    from 
	  (select A2.ID,A2.ACTIVITYNAME,A2.NAMEIMGURL,A2.ACTIVITYURL,A2.STARTTIME,A2.ENDTIME,ROWNUM RN
	  from (select ID,ACTIVITYNAME,NAMEIMGURL,ACTIVITYURL,STARTTIME,ENDTIME from BTSF_PHONE_ACTIVITY where 1=1
	      ]]>
		 <if test="activityname!=null and activityname!=''">
		    and ACTIVITYNAME like '%${activityname}%'
	    </if>
		<if test="starttime != null and starttime != ''">
			and STARTTIME >= #{starttime}
	    </if>
		<if test="endtime != null and endtime != ''">
			<![CDATA[and ENDTIME<=]]>  #{endtime}
	    </if>
     <![CDATA[   
	            ORDER BY starttime desc) A2
				        WHERE ROWNUM <= (#{startIndex} + #{pageSize}) ) A1
				WHERE RN > #{startIndex}
		 ]]>
   </select>
 
   
        <select id="countFindAllForPage" parameterType="java.util.Map" resultType="int">
        	  select count(id) from BTSF_PHONE_ACTIVITY where 1=1
			  <if test="activityname!=null and activityname!=''">
		        and ACTIVITYNAME like '%${activityname}%'
	         </if>
		     <if test="starttime != null and starttime != ''">
			    and STARTTIME >= #{starttime}
	         </if>
		     <if test="endtime != null and endtime != ''">
			    <![CDATA[and ENDTIME<=]]>  #{endtime}
	         </if>
        </select>
  
   
  <delete id="delete" parameterType="String" >
    delete from BTSF_PHONE_ACTIVITY
    where 
			ID = #{ id}
	  </delete>
  
  <insert id="create" parameterType="cn.itkt.btsf.phone.circum.po.PhoneActivityPO" >
	 	<selectKey keyProperty="id" resultType="long" order="BEFORE">
		select S_BTSF_PHONE_ACTIVITY.nextval from dual
	</selectKey>
	 	
    insert into BTSF_PHONE_ACTIVITY (ID,ACTIVITYNAME,NAMEIMGURL,ACTIVITYURL,STARTTIME,ENDTIME)
    values (
			#{ id, javaType=long, jdbcType=NUMERIC},
				#{ activityname, javaType=String, jdbcType=VARCHAR},
				#{ nameimgurl, javaType=String, jdbcType=VARCHAR},
				#{ activityurl, javaType=String, jdbcType=VARCHAR},
				#{ starttime, javaType=Date, jdbcType=TIMESTAMP},
				#{ endtime, javaType=Date, jdbcType=TIMESTAMP}
	    )
  </insert>

  <update id="update" parameterType="cn.itkt.btsf.phone.circum.po.PhoneActivityPO" >
    update BTSF_PHONE_ACTIVITY
    set
			ACTIVITYNAME = #{ activityname, javaType=String, jdbcType=VARCHAR},
				NAMEIMGURL = #{ nameimgurl, javaType=String, jdbcType=VARCHAR},
				ACTIVITYURL = #{ activityurl, javaType=String, jdbcType=VARCHAR},
				STARTTIME = #{ starttime, javaType=Date, jdbcType=TIMESTAMP},
				ENDTIME = #{ endtime, javaType=Date, jdbcType=TIMESTAMP}
	    where 
			ID = #{ id}
	  </update>

<!--codegen-->

</mapper>