<?xml version="1.0" encoding="UTF-8" ?>
<!DOCTYPE mapper PUBLIC "-//ibatis.apache.org//DTD Mapper 3.0//EN" 
"http://ibatis.apache.org/dtd/ibatis-3-mapper.dtd">
<mapper namespace="cn.itkt.btsf.phone.pushticket.dao.PushprocessedDao" >

  <resultMap id="BaseResultMap" type="cn.itkt.btsf.phone.pushticket.po.PushprocessedPO" >
	<result column="ID" property="id" />
	<result column="PUSHID" property="pushid" />
	<result column="TICKETNO" property="ticketno" />
	<result column="NEWTICKETNO" property="newticketno" />
	<result column="PROCESSDATE" property="processdate" />
	<result column="PROCESSPERSON" property="processperson" />
	<result column="PROCESSSTATUS" property="processstatus" />
	<result column="REMARK" property="remark" />
  </resultMap>
  
  <select id="findDetail" resultType="cn.itkt.btsf.phone.pushticket.po.PushprocessedPO" parameterType="String" >
	select  t2.orderno as orderNo,t2.neworderno as newOrderNo,t2.ticketno as ticketno,
		    t2.newticketno as newticketno,ti.ticket_price ticketPrice,t1.pushprice as pushPrice,
		    ti.cabin_level as cabinLevel,t1.basecabin as basecabin,t2.reqno  as reqNo,
		    t2.coin as coin,t2.processperson as processperson,t2.processdate as processdate,
		    t2.processstatus as processstatus ,t1.Status  as  status,toi.id as orderId
	from  btsf_phone_pushprocess t1 
	left join btsf_phone_pushprocessed t2 on t1.pushid = t2.pushid  
	left join btsf_sys_ticket_info ti on t2.ticketno = ti.ticket_no 
	left join btsf_sys_order_info toi on toi.order_no = t2.orderno 
	where t1.pushid = #{id}
	  and t1.processstatus='1'
	order by  t2.processdate desc
  </select>
  
  
  
  <select id="findByPushid" parameterType="Long">
  	select ID,PUSHID,TICKETNO,NEWTICKETNO,PROCESSDATE,PROCESSPERSON,PROCESSSTATUS,REMARK
  	from BTSF_PHONE_PUSHPROCESSED
  	where PUSHID=#{pushid}
  </select>
  <select id="findAll" resultMap="BaseResultMap" >
    select ID,PUSHID,TICKETNO,NEWTICKETNO,PROCESSDATE,PROCESSPERSON,PROCESSSTATUS,REMARK
    from BTSF_PHONE_PUSHPROCESSED
  </select>
  
  <delete id="delete" parameterType="Long" >
    delete from BTSF_PHONE_PUSHPROCESSED
    where ID=#{id}
  </delete>
  
  <insert id="create" parameterType="cn.itkt.btsf.phone.pushticket.po.PushprocessedPO" >	  	
    insert into BTSF_PHONE_PUSHPROCESSED 
    (ID,PUSHID,TICKETNO,NEWTICKETNO,PROCESSDATE,PROCESSPERSON,PROCESSSTATUS,REMARK,ORDERNO,NEWORDERNO,REQNO,COIN)
    values (
			    S_BTSF_PHONE_PUSHPROCESSED.NEXTVAL,
				#{ pushid, javaType=long, jdbcType=NUMERIC},
				#{ ticketno, javaType=String, jdbcType=VARCHAR},
				#{ newticketno, javaType=String, jdbcType=VARCHAR},
				#{ processdate, javaType=Date, jdbcType=TIMESTAMP},
				#{ processperson, javaType=String, jdbcType=VARCHAR},
				#{ processstatus, javaType=String, jdbcType=VARCHAR},
				#{ remark, javaType=String, jdbcType=VARCHAR},
				#{ orderNo, javaType=String, jdbcType=VARCHAR},
				#{ newOrderNo, javaType=String, jdbcType=VARCHAR},
				#{ reqNo, javaType=String, jdbcType=VARCHAR},
				#{ coin, javaType=String, jdbcType=VARCHAR}
	    )
  </insert>

  <update id="update" parameterType="cn.itkt.btsf.phone.pushticket.po.PushprocessedPO" >
    update BTSF_PHONE_PUSHPROCESSED
    set
				PUSHID = #{ pushid, javaType=long, jdbcType=NUMERIC},
				TICKETNO = #{ ticketno, javaType=String, jdbcType=VARCHAR},
				NEWTICKETNO = #{ newticketno, javaType=String, jdbcType=VARCHAR},
				PROCESSDATE = #{ processdate, javaType=Date, jdbcType=TIMESTAMP},
				PROCESSPERSON = #{ processperson, javaType=String, jdbcType=VARCHAR},
				PROCESSSTATUS = #{ processstatus, javaType=String, jdbcType=VARCHAR},
				REMARK = #{ remark, javaType=String, jdbcType=VARCHAR}
	where ID=#{id}
  </update>

</mapper>