<?xml version="1.0" encoding="UTF-8" ?>
<!DOCTYPE mapper PUBLIC "-//ibatis.apache.org//DTD Mapper 3.0//EN" 
"http://ibatis.apache.org/dtd/ibatis-3-mapper.dtd">
<mapper namespace="cn.itkt.btsf.phone.pushticket.dao.PushprocessDao" >
	
  <resultMap id="BaseResultMap" type="cn.itkt.btsf.phone.pushticket.po.PushprocessPO" >
	<result column="PUSHID" property="pushid" />
	<result column="IPHONEORDERID" property="iphoneorderid" />
	<result column="TICKETNO" property="ticketno" />
	<result column="PRICE" property="price" />
	<result column="PUSHPRICE" property="pushprice" />
	<result column="LCDCOIN" property="lcdcoin" />
	<result column="PUSHDATE" property="pushdate" />
	<result column="STATUS" property="status" />
	<result column="PROCESSSTATUS" property="processstatus" />
	<result column="DEPARTUREDATE" property="departuredate" />
	<result column="FLIGHTNO" property="flightno" />
	<result column="BASECABIN" property="basecabin" />
	<result column="AIRLINE" property="airline" />
	<result column="SPECIALFLIGHTNUM" property="specialflightnum" />
	<result column="ARRIVALDATE" property="arrivaldate" />
	<result column="CABINDISCOUNT" property="cabindiscount" />
	<result column="PLANETYPE" property="planetype" />
	<result column="FUELTAX" property="fueltax" />
	<result column="AIRPORTTAX" property="airporttax" />
	<result column="BASICCABIN" property="basiccabin" />
	<result column="ORDERNO" property="orderno" />
  </resultMap>
  
  <select id="find" resultMap="BaseResultMap" parameterType="Long" >
    select PUSHID,IPHONEORDERID,TICKETNO,PRICE,PUSHPRICE,LCDCOIN,PUSHDATE,STATUS,
    	   PROCESSSTATUS,DEPARTUREDATE,FLIGHTNO,BASECABIN,AIRLINE,SPECIALFLIGHTNUM,
    	   ARRIVALDATE,CABINDISCOUNT,PLANETYPE,t1.FUELTAX,AIRPORTTAX,BASICCABIN,t2.order_no ORDERNO
    from BTSF_PHONE_PUSHPROCESS  t1
    left join btsf_sys_ticket_info ti on t1.ticketno = ti.ticket_no 
    left join btsf_sys_order_info t2 on ti.order_id = t2.id
    where t1.PUSHID=#{pushid}
  </select>
  <select id="count" resultType="int" parameterType="java.util.Map">
	select count(push.PUSHID)
	         from BTSF_PHONE_PUSHPROCESS PUSH,BTSF_SYS_TICKET_INFO TKT,BTSF_SYS_PSR_INFO psr,BTSF_SYS_ORDER_INFO orderinfo
      WHERE PUSH.TICKETNO=TKT.TICKET_NO and TKT.PASSENGER_ID=psr.id and TKT.ORDER_ID = orderinfo.id
	        <if test="processstatus!=null and processstatus==0">
	          and not exists(Select 1 from BTSF_PHONE_PUSHPROCESS a where a.ticketno=PUSH.ticketno and a.PUSHDATE>PUSH.PUSHDATE )
	        </if>
	    	<if test="processstatus!=null and processstatus!=''">
	    		and PUSH.processstatus=#{processstatus}
	    	</if>
	    	<if test="pushdate!=null and pushdate!=''">
	    		and to_char(PUSH.PUSHDATE,'yyyy-MM-dd')=to_char(#{pushdate},'yyyy-MM-dd')
	    	</if>	    	
	    	<if test="ticktNo!=null and ticktNo!=''">
	    		and TKT.TICKET_NO like concat('%',concat(#{ticktNo},'%')) 
	    	</if>
	    	<if test="passengerName!=null and passengerName!=''">
	    		and TKT.PASSENGER_NAME like concat('%',concat(#{passengerName},'%'))
	    	</if>
	    	<if test="identityCardNo != null and identityCardNo != ''">
	    		and psr.IDENTITY_CARD_NO like concat('%',concat(#{identityCardNo},'%')) 
	    	</if>
	    	<if test="clearobjectName != null and clearobjectName != ''">
	    		and orderinfo.CLEAROBJECT_NAME like concat('%',concat(#{clearobjectName},'%'))
	    	</if>
  </select>
  
  <select id="findAll" resultMap="BaseResultMap" parameterType="java.util.Map">
	select PUSHID,
	       IPHONEORDERID,
	       TICKETNO,
	       PRICE,
	       PUSHPRICE,
	       LCDCOIN,
	       PUSHDATE,
	       STATUS,
	       PROCESSSTATUS,
	       DEPARTUREDATE,
	       FLIGHTNO,
	       BASECABIN,
	       AIRLINE,
	       SPECIALFLIGHTNUM,
	       ARRIVALDATE,
	       CABINDISCOUNT,
	       PLANETYPE,
	       FUELTAX,
	       AIRPORTTAX,
	       BASICCABIN
	from (select ROWNUM RN, 
	       t.PUSHID,
	       t.IPHONEORDERID,
	       t.TICKETNO,
	       t.PRICE,
	       t.PUSHPRICE,
	       t.LCDCOIN,
	       t.PUSHDATE,
	       t.STATUS,
	       t.PROCESSSTATUS,
	       t.DEPARTUREDATE,
	       t.FLIGHTNO,
	       t.BASECABIN,
	       t.AIRLINE,
	       t.SPECIALFLIGHTNUM,
	       t.ARRIVALDATE,
	       t.CABINDISCOUNT,
	       t.PLANETYPE,
	       t.FUELTAX,
	       t.AIRPORTTAX,
	       t.BASICCABIN  
	    from (select PUSH.PUSHID,
	         PUSH.IPHONEORDERID,
	         PUSH.TICKETNO,
	         PUSH.PRICE,
	         PUSH.PUSHPRICE,
	         PUSH.LCDCOIN,
	         PUSH.PUSHDATE,
	         PUSH.STATUS,
	         PUSH.PROCESSSTATUS,
	         PUSH.DEPARTUREDATE,
	         PUSH.FLIGHTNO,
	         PUSH.BASECABIN,
	         PUSH.AIRLINE,
	         PUSH.SPECIALFLIGHTNUM,
	         PUSH.ARRIVALDATE,
	         PUSH.CABINDISCOUNT,
	         PUSH.PLANETYPE,
	         PUSH.FUELTAX,
	         PUSH.AIRPORTTAX,
	         PUSH.BASICCABIN
	         from BTSF_PHONE_PUSHPROCESS PUSH,BTSF_SYS_TICKET_INFO TKT,BTSF_SYS_PSR_INFO psr,BTSF_SYS_ORDER_INFO orderinfo
      WHERE PUSH.TICKETNO=TKT.TICKET_NO and TKT.PASSENGER_ID=psr.id and TKT.ORDER_ID = orderinfo.id
	    	<if test="processstatus!=null and processstatus!=''">
	    		and PUSH.processstatus=#{processstatus}
	    	</if>
	    	<if test="pushdate!=null and pushdate!=''">
	    		and TO_CHAR(PUSH.PUSHDATE,'yyyy-MM-dd') = TO_CHAR(#{pushdate},'yyyy-MM-dd')
	    	</if>	    	
	    	<if test="ticktNo!=null and ticktNo!=''">
	    		and TKT.TICKET_NO LIKE CONCAT('%',CONCAT(#{ticktNo},'%'))
	    	</if>
	    	<if test="passengerName!=null and passengerName!=''">
	    		and TKT.PASSENGER_NAME like CONCAT('%',concat(#{passengerName},'%'))
	    	</if>
	    	<if test="identityCardNo != null and identityCardNo != ''">
	    		and psr.IDENTITY_CARD_NO like CONCAT('%',concat(#{identityCardNo},'%')) 
	    	</if>
	    	<if test="clearobjectName != null and clearobjectName != ''">
	    		and orderinfo.CLEAROBJECT_NAME LIKE CONCAT('%',CONCAT(#{clearobjectName},'%')) 
	    	</if>
	    	<if test="processstatus!=null and processstatus==0">
	    		and not exists(Select 1 from BTSF_PHONE_PUSHPROCESS a where a.ticketno=PUSH.ticketno and a.PUSHDATE>PUSH.PUSHDATE ) 
	    	</if>
	    order by pushid)t
           <![CDATA[
      where ROWNUM <= (#{startIndex}+#{pageSize})) where RN>#{ startIndex}
      ]]>
  </select>



   <!--新的sql  -->
<select id="findAll1" parameterType="hashmap" resultType="hashmap">
  SELECT * FROM (
	SELECT TA.*, ROWNUM RN  FROM (
		 select tp.pushid,ti.order_no,tt.ticket_no,tt.passenger_name,
		        tp.price,tp.pushprice ,
		        <if test="processstatus!=null and processstatus==0">
		        tp.lcdcoin
		        </if>
		        <if test="processstatus ==1 or processstatus =='1'">
		        to_number(to_char(tpd.COIN,'9999.0')) lcdcoin
		        </if>
		        
		        ,to_char(tp.pushdate,'yyyy-MM-dd hh24:mi:ss') pushdate,tt.takeofflocus,
		        tt.arrivelocus,tt.airteamnum,tp.Basecabin, tpd.processstatus,tp.STATUS,ti.ORDER_STATUS orderStatus
		 from BTSF_PHONE_PUSHPROCESS tp 
		 <if test="processstatus!=null and processstatus==0">
	    		 inner join (select tem.ticketno,max(tem.pushdate) pushdate 
		             from  BTSF_PHONE_PUSHPROCESS  tem group by tem.ticketno) tp1 
		 	on (tp.ticketno = tp1.ticketno and tp.pushdate = tp1.pushdate )  
	     </if>
	     left join btsf_phone_pushprocessed tpd on tpd.pushid = tp.pushid 
	     left join btsf_phone_pushticketno tpt on tpt.ticketno = tp.ticketno 
		 left join btsf_sys_order_info ti on tp.iphoneorderid = ti.id 
		 left join BTSF_SYS_TICKET_INFO tt on tp.ticketno = tt.ticket_no 
		 left join BTSF_SYS_PSR_INFO  psr on tt.PASSENGER_ID = psr.id  
		 where 1= 1  and tt.takeofftime >sysdate  + interval '2' hour 
	    	<if test="processstatus!=null and processstatus!=''">
	    		and tp.processstatus=#{processstatus}
	    	</if>
	    	<if test="pushdate!=null and pushdate!=''">
	    		and TO_CHAR(tp.pushdate,'yyyy-MM-dd') = #{pushdate}
	    	</if>	    	
	    	<if test="ticktNo!=null and ticktNo!=''">
	    		and tt.ticket_no LIKE  '%${ticktNo}%'
	    	</if>
	    	<if test="passengerName!=null and passengerName!=''">
	    		and tt.passenger_name like  '%${passengerName}%'
	    	</if>
	    	<if test="identityCardNo != null and identityCardNo != ''">
	    		and psr.IDENTITY_CARD_NO like '%${identityCardNo}%' 
	    	</if>
	    	<if test="clearobjectName != null and clearobjectName != ''">
	    		and  ti.clearobject_name LIKE '%${clearobjectName}%' 
	    	</if>
	    	order by tp.pushdate desc
    ) TA  
    <![CDATA[ 
   WHERE  ROWNUM <= (#{page.startIndex}+#{page.pageSize})
 )WHERE RN > #{page.startIndex}
]]>
</select>   

<!-- 新的sql -->
<select id="count1" resultType="int" parameterType="hashmap">
 select  count(*) from (
        		 select tp.pushid,ti.order_no,tt.ticket_no,tt.passenger_name,
		        tp.price,tp.pushprice ,tp.lcdcoin,to_char(tp.pushdate,'yyyy-MM-dd hh24:mi:ss') pushdate,tt.takeofflocus,
		        tt.arrivelocus,tt.airteamnum,tp.Basecabin 
		 from BTSF_PHONE_PUSHPROCESS tp 
		 <if test="processstatus!=null and processstatus==0">
	    		 inner join (select tem.ticketno,max(tem.pushdate) pushdate 
		             from  BTSF_PHONE_PUSHPROCESS  tem group by tem.ticketno) tp1 
		 	on (tp.ticketno = tp1.ticketno and tp.pushdate = tp1.pushdate )  
	     </if>
		 left join btsf_sys_order_info ti on tp.iphoneorderid = ti.id 
		 left join BTSF_SYS_TICKET_INFO tt on tp.ticketno = tt.ticket_no 
		 left join BTSF_SYS_PSR_INFO  psr on tt.PASSENGER_ID = psr.id
		 where 1= 1  and tt.takeofftime >sysdate + interval '2' hour 
		 <if test="processstatus!=null and processstatus!=''">
	    		and tp.processstatus=#{processstatus}
	    	</if>
	    	<if test="pushdate!=null and pushdate!=''">
	    		and TO_CHAR(tp.pushdate,'yyyy-MM-dd') = #{pushdate}
	    	</if>	    	
	    	<if test="ticktNo!=null and ticktNo!=''">
	    		and tt.ticket_no LIKE  '%${ticktNo}%'
	    	</if>
	    	<if test="passengerName!=null and passengerName!=''">
	    		and tt.passenger_name like  '%${passengerName}%'
	    	</if>
	    	<if test="identityCardNo != null and identityCardNo != ''">
	    		and psr.IDENTITY_CARD_NO like '%${identityCardNo}%' 
	    	</if>
	    	<if test="clearobjectName != null and clearobjectName != ''">
	    		and  ti.clearobject_name LIKE '%${clearobjectName}%' 
	    	</if>
      )
</select>

  <delete id="delete" parameterType="Long" >
    delete from BTSF_PHONE_PUSHPROCESS
    where ID=#{id}
  </delete>
  
  <insert id="create" parameterType="cn.itkt.btsf.phone.pushticket.po.PushprocessPO" >	  	
    insert into BTSF_PHONE_PUSHPROCESS (PUSHID,IPHONEORDERID,TICKETNO,PRICE,PUSHPRICE,LCDCOIN,PUSHDATE,STATUS,PROCESSSTATUS,DEPARTUREDATE,FLIGHTNO,BASECABIN,AIRLINE,SPECIALFLIGHTNUM,ARRIVALDATE,CABINDISCOUNT,PLANETYPE,FUELTAX,AIRPORTTAX,BASICCABIN)
    values (
				#{ pushid, javaType=long, jdbcType=NUMERIC},
				#{ iphoneorderid, javaType=long, jdbcType=NUMERIC},
				#{ ticketno, javaType=String, jdbcType=VARCHAR},
				#{ price, javaType=String, jdbcType=VARCHAR},
				#{ pushprice, javaType=String, jdbcType=VARCHAR},
				#{ lcdcoin, javaType=String, jdbcType=VARCHAR},
				#{ pushdate, javaType=Date, jdbcType=TIMESTAMP},
				#{ status, javaType=String, jdbcType=VARCHAR},
				#{ processstatus, javaType=String, jdbcType=VARCHAR},
				#{ departuredate, javaType=String, jdbcType=VARCHAR},
				#{ flightno, javaType=String, jdbcType=VARCHAR},
				#{ basecabin, javaType=String, jdbcType=VARCHAR},
				#{ airline, javaType=String, jdbcType=VARCHAR},
				#{ specialflightnum, javaType=String, jdbcType=VARCHAR},
				#{ arrivaldate, javaType=String, jdbcType=VARCHAR},
				#{ cabindiscount, javaType=String, jdbcType=VARCHAR},
				#{ planetype, javaType=String, jdbcType=VARCHAR},
				#{ fueltax, javaType=String, jdbcType=VARCHAR},
				#{ airporttax, javaType=String, jdbcType=VARCHAR},
				#{ basiccabin, javaType=String, jdbcType=VARCHAR}
	    )
  </insert>

  <update id="update" parameterType="java.util.Map" >
    update BTSF_PHONE_PUSHPROCESS
    set
				STATUS = #{ status, javaType=String, jdbcType=VARCHAR},
				PROCESSSTATUS = #{ processstatus, javaType=String, jdbcType=VARCHAR}
				<if test="lcdCoin !='' and lcdCoin !=null">
					,
				</if>
	    where PUSHID=#{pushid}
  </update>

	<update id="updateByTicketNo" parameterType="java.util.Map" >
	    update BTSF_PHONE_PUSHTICKETNO
	    set
					RULESTATUS = #{ rulestatus, javaType=String, jdbcType=VARCHAR}
		    where TICKETNO=#{ticketNo}
	  </update>
<!--codegen-->

<update id="updatePushTicketNo" parameterType="hashmap">
 update BTSF_PHONE_PUSHTICKETNO
	    set  SERVERSTATUS = #{serverstatus}
 where TICKETNO=#{ticketNo}
</update>

<!-- 获取退改签规定 -->
<select id="getRules" resultType="String" parameterType="hashmap">
<![CDATA[
select c.rules_content
    from btsf_sys_guest_rule g
    inner join btsf_bis_cabin c  on g.guest_rules_code = c.guest_rules_code
where g.delete_sign = '0' and c.delete_sign = '0'
   and c.space_code = #{baseCabin}  and c.aillines_code = #{airLine} 
   and sysdate > (decode(g.rules_effective_type, '0', g.ticket_start_date, sysdate - 1)) 
   and sysdate < (decode(g.rules_effective_type, '0', nvl(g.ticket_deadline, sysdate + 1), sysdate + 1)) 
   and to_date(#{startTime},'yyyy-MM-dd') > (decode(g.rules_effective_type, '1',g.check_in_sdate,to_date(#{startTime},'yyyy-MM-dd') - 1))
   and to_date(#{startTime},'yyyy-MM-dd') < (decode(g.rules_effective_type, '1',nvl(g.check_in_edate, sysdate + 1),to_date(#{startTime},'yyyy-MM-dd') + 1))
   and sysdate > (decode(g.rules_effective_type,'2',g.ticket_start_date,sysdate - 1))
   and sysdate < (decode(g.rules_effective_type,'2',nvl(g.ticket_deadline, sysdate + 1), sysdate + 1))
   and to_date(#{startTime},'yyyy-MM-dd') > (decode(g.rules_effective_type, '2',nvl(g.check_in_sdate,to_date(#{startTime},'yyyy-MM-dd') - 1),to_date(#{startTime},'yyyy-MM-dd') - 1))
   and to_date(#{startTime},'yyyy-MM-dd') < (decode(g.rules_effective_type, '2',nvl(g.check_in_edate,to_date(#{startTime},'yyyy-MM-dd') + 1),to_date(#{startTime},'yyyy-MM-dd') + 1))
 order by g.ticket_start_date desc, g.check_in_sdate desc
]]>
</select>
<update id="updateOrderTerminal" parameterType="hashmap">
	update btsf_sys_order_info o set o.TERMINAL_ID=#{terminalId} where o.id=#{orderId}
</update>
<update id="updateTicketTerminal" parameterType="hashmap">
	update btsf_sys_ticket_info t set t.ATM_ID=#{terminalId} where T.ORDER_ID=#{orderId}
</update>

</mapper>