<?xml version="1.0" encoding="UTF-8" ?>
<!DOCTYPE mapper PUBLIC "-//ibatis.apache.org//DTD Mapper 3.0//EN" 
"http://ibatis.apache.org/dtd/ibatis-3-mapper.dtd">
<mapper namespace="cn.itkt.btsf.phone.problem.dao.ProblemDao" >
  <resultMap id="VoResultMap" type="cn.itkt.btsf.phone.problem.vo.ProblemVO" >
	<result column="ID" property="id" />
	<result column="USERID" property="userId" />
	<result column="USERNAME" property="userName" />
	<result column="USERPHONE" property="userPhone" />
	<result column="USEREMAIL" property="userEmail" />
	<result column="USERADDDATE" property="userAddDate" />
	<result column="PROBLEMADDDATE" property="problemAddDate" />
	<result column="PROBLEM" property="problem" />
	<result column="ANSWER" property="answer" />
  </resultMap>
  
  
   
  
  <select id="list" resultMap="VoResultMap" parameterType="hashmap" >
	 SELECT B.* FROM 
	   (SELECT A.*, ROWNUM RN FROM 
		    ( SELECT P.ID,P.USERID,P.ADDDATE PROBLEMADDDATE,P.PROBLEM,P.ANSWER,U.TELEPHONE USERPHONE,U.NAME USERNAME,U.EMAIL USEREMAIL,U.ADDDATE USERADDDATE
  				FROM BTSF_PHONE_PROBLEM P
 		  	    LEFT JOIN BTSF_PHONE_USERS U
    			  ON P.USERID = U.USERID
		    <where>
		    	<if test="problem != null and problem != '' ">
					P.PROBLEM LIKE CONCAT(CONCAT('%',#{problem}),'%')
				</if>
				<if test="answer != null and answer != '' ">
					AND P.ANSWER LIKE CONCAT(CONCAT('%',#{answer}),'%')
				</if>
				<if test="userPhone != null and userPhone != '' ">
					AND U.TELEPHONE LIKE CONCAT(CONCAT('%',#{userPhone}),'%')  
				</if>
				<if test="problemAddDateStart != null and problemAddDateStart != '' ">
				 	<![CDATA[AND P.ADDDATE >=   to_date(#{problemAddDateStart},'yyyy-mm-dd HH24:MI:SS')]]>
				</if>
				<if test="problemAddDateEnd != null and problemAddDateEnd != '' ">
					<![CDATA[AND P.ADDDATE <=  to_date(#{problemAddDateEnd},'yyyy-mm-dd HH24:MI:SS')]]>
				</if>
		    </where> 
		   ORDER BY P.ADDDATE DESC) A
		WHERE ROWNUM <![CDATA[<=]]> (#{startIndex}+#{pageSize})) B
	WHERE B.RN > #{startIndex}
  </select>

	<select id="count" resultType="int">
		select count(*) from BTSF_PHONE_PROBLEM P 
		LEFT JOIN BTSF_PHONE_USERS U
    			  ON P.USERID = U.USERID
      <where>
    	<if test="problem != null and problem != '' ">
			P.PROBLEM LIKE CONCAT(CONCAT('%',#{problem}),'%')
		</if>
		<if test="answer != null and answer != '' ">
			AND P.ANSWER LIKE CONCAT(CONCAT('%',#{answer}),'%')
		</if>
		<if test="userPhone != null and userPhone != '' ">
			AND U.TELEPHONE LIKE CONCAT(CONCAT('%',#{userPhone}),'%')  
		</if>
		<if test="problemAddDateStart != null and problemAddDateStart != '' ">
			<![CDATA[AND P.ADDDATE >=   to_date(#{problemAddDateStart},'yyyy-mm-dd HH24:MI:SS')]]>
		</if>
		<if test="problemAddDateEnd != null and problemAddDateEnd != '' ">
			<![CDATA[AND P.ADDDATE <=  to_date(#{problemAddDateEnd},'yyyy-mm-dd HH24:MI:SS')]]>
		</if>
		</where>
  	</select>
	
	<select id="findDetail" parameterType="long" resultMap="VoResultMap">
		SELECT P.ID,P.USERID,P.ADDDATE PROBLEMADDDATE,P.PROBLEM,P.ANSWER,U.TELEPHONE USERPHONE,U.NAME USERNAME,U.EMAIL USEREMAIL,U.ADDDATE USERADDDATE
  		  FROM BTSF_PHONE_PROBLEM P
 		 LEFT JOIN BTSF_PHONE_USERS U
    		ON P.USERID = U.USERID
    	 WHERE P.ID=#{id}
    			  
  	</select>
</mapper>