<?xml version="1.0" encoding="UTF-8" ?>
<!DOCTYPE mapper PUBLIC "-//ibatis.apache.org//DTD Mapper 3.0//EN" 
"http://ibatis.apache.org/dtd/ibatis-3-mapper.dtd">
<mapper namespace="cn.itkt.btsf.phone.appointment.dao.AppointmentDao" >
	
  <resultMap id="BaseResultMap" type="cn.itkt.btsf.phone.appointment.po.AppointmentPO" >
	<result column="ID" property="id" />
	<result column="USERID" property="userid" />
	<result column="DPTCITY" property="dptcity" />
	<result column="ARRCITY" property="arrcity" />
	<result column="STARTEDATE" property="startedate" />
	<result column="ENDDATE" property="enddate" />
	<result column="FLYPERIOD" property="flyperiod" />
	<result column="WEEK" property="week" />
	<result column="ACCEPT" property="accept" />
	<result column="SMSTIME" property="smstime" />
	<result column="CABINDISCOUNT" property="cabindiscount" />
	<result column="ADDDATE" property="adddate" />
  </resultMap>
  
  <select id="find" resultMap="BaseResultMap" parameterType="Long" >    
         select  
               h.ID,
               h.USERID,
               u.telephone,
               h.DPTCITY,
               h.ARRCITY,
               h.STARTEDATE,
               h.ENDDATE,
               h.FLYPERIOD,
               h.WEEK,
               h.ACCEPT,
               h.SMSTIME,
               h.CABINDISCOUNT,
               h.ADDDATE
	   from BTSF_PHONE_APPOINTMENT h left join BTSF_PHONE_USERS u
	   on h.userid=u.userid    
	   where ID=#{id} 
  </select>
  
  <select id="count" parameterType="java.util.Map" resultType="int">
  	select count(h.id)
    from BTSF_PHONE_APPOINTMENT h 
    left join BTSF_PHONE_USERS u
    on h.userid=u.userid 
    <where>
    <if test="telephone!=null and telephone!=''">
	  and u.telephone=#{telephone}
	</if> 
	</where>
  </select>
  <select id="findAll" parameterType="java.util.Map" resultMap="BaseResultMap" >
           select   
                ID,
                USERID,
                NAME,
                telephone,
                DPTCITY,
                ARRCITY,
                STARTEDATE,
                ENDDATE,
                FLYPERIOD,
                WEEK,
                ACCEPT,
                SMSTIME,
                CABINDISCOUNT,
                ADDDATE
           from (select ROWNUM RN, 
                               t.ID,
                               t.USERID,
                               t.NAME,
                               t.telephone,
                               t.DPTCITY,
                               t.ARRCITY,
                               t.STARTEDATE,
                               t.ENDDATE,
                               t.FLYPERIOD,
                               t.WEEK,
                               t.ACCEPT,
                               t.SMSTIME,
                               t.CABINDISCOUNT,
                               t.ADDDATE
                   from (
                         select  
                               h.ID,
                               h.USERID,
                               u.name,
                               u.telephone,
                               h.DPTCITY,
                               h.ARRCITY,
                               h.STARTEDATE,
                               h.ENDDATE,
                               h.FLYPERIOD,
                               h.WEEK,
                               h.ACCEPT,
                               h.SMSTIME,
                               h.CABINDISCOUNT,
                               h.ADDDATE
                   from BTSF_PHONE_APPOINTMENT h left join BTSF_PHONE_USERS u
                   on h.userid=u.userid
                  
                   <where>
	                    <if test="telephone!=null and telephone!=''">
	                   		and u.telephone=#{telephone}
	                   </if>
                   </where>
                   ORDER BY h.STARTEDATE desc
                   )t
           <![CDATA[
      where ROWNUM <= (#{startIndex}+#{pageSize})) where RN>#{ startIndex}
      ]]>
  </select>
  
  <delete id="delete" parameterType="Long" >
    delete from BTSF_PHONE_APPOINTMENT
    where ID=#{id}
  </delete>
  <select id="findUserByPhone" parameterType="String" resultType="cn.itkt.btsf.phone.users.po.PhoneUsersPO">
  		SELECT * FROM BTSF_PHONE_USERS  where telephone=#{telephone}
  </select>
  <insert id="create" parameterType="cn.itkt.btsf.phone.appointment.po.AppointmentPO" >	  	
    insert into BTSF_PHONE_APPOINTMENT (ID,USERID,DPTCITY,ARRCITY,STARTEDATE,ENDDATE,FLYPERIOD,WEEK,ACCEPT,SMSTIME,CABINDISCOUNT,ADDDATE)
    values (
				S_BTSF_PHONE_APPOINTMENT.NEXTVAL,
				#{ userid, javaType=Long, jdbcType=NUMERIC},
				#{ dptcity, javaType=String, jdbcType=VARCHAR},
				#{ arrcity, javaType=String, jdbcType=VARCHAR},
				#{ startedate, javaType=Date, jdbcType=TIMESTAMP},
				#{ enddate, javaType=Date, jdbcType=TIMESTAMP},
				#{ flyperiod, javaType=String, jdbcType=VARCHAR},
				#{ week, javaType=String, jdbcType=VARCHAR},
				#{ accept, javaType=String, jdbcType=VARCHAR},
				#{ smstime, javaType=String, jdbcType=VARCHAR},
				#{ cabindiscount, javaType=String, jdbcType=VARCHAR},
				#{ adddate, javaType=String, jdbcType=VARCHAR}
	    )
  </insert>


<!--codegen-->

</mapper>