<?xml version="1.0" encoding="UTF-8" ?>
<!DOCTYPE mapper PUBLIC "-//ibatis.apache.org//DTD Mapper 3.0//EN" 
"http://ibatis.apache.org/dtd/ibatis-3-mapper.dtd">
  

<mapper namespace="cn.itkt.btsf.phone.ticketrate.dao.TicketRateDao" >
	
  <resultMap id="BaseResultMap" type="cn.itkt.btsf.phone.ticketrate.po.TicketRatePO" >
	<result column="ID" property="id" />
	<result column="CABIN_ID" property="cabinId" />
	<result column="TYPE" property="type" />
	<result column="RATE" property="rate" />
  </resultMap>
  <resultMap type="cn.itkt.btsf.sys.baseinfo.po.ShippingSpacePO" id="ShippingSpace">
  	<result column="ID" property="id"/>
  	<result column="SPACE_CODE" property="spaceCode"/>
  	<result column="AIRLINES_CODE" property="airlinesCode"/>
 	<result column="CABIN_ID" property="ticketrate.cabinId" />
	<result column="TYPE" property="ticketrate.type" />
	<result column="RATE" property="ticketrate.rate" />
	<result column="HOURTWOBEFORE" property="ticketrate.hourtwobefore"/>
	<result column="HOURTWOAFTER" property="ticketrate.hourtwoafter"/>
	<result column="TAKEBEFORE" property="ticketrate.takebefore"/>
	<result column="TAKEAFTER" property="ticketrate.takeafter"/>
	<result column="STANDARD" property="ticketrate.standard"/>
	<result column="TAKEBEFORETF" property="ticketrate.takebeforetf"/>
	<result column="TAKEBEFORETFBF" property="ticketrate.takebeforetfbf"/>
	<result column="HOURTFAFTER" property="ticketrate.hourtfafter"/>
	<result column="BASECABINBEFORE" property="ticketrate.basecabinbefore"/>
	<result column="BASECABINAFTER" property="ticketrate.basecabinafter"/>
	<result column="NCHECKIN" property="ticketrate.ncheckin"/>
	<result column="CHECKIN" property="ticketrate.checkin"/>
	<result column="GUEST_RULES_CODE" property="guestRulesCode"/>
  </resultMap>
  <select id="find" resultMap="BaseResultMap" parameterType="String" >
    select ID,CABIN_ID,TYPE,RATE
    from BTSF_SYS_TICKET_REFUND_RATE
    where
    ID = #{id}
  </select>
  
  <select id="findByCabinId" resultMap="ShippingSpace" parameterType="String" >
    select A.ID,A.AILLINES_CODE AIRLINES_CODE,A.SPACE_CODE,B.CABIN_ID,A.GUEST_RULES_CODE,
        max(case B.TYPE when '01' then B.RATE end) as HOURTWOBEFORE,
        max(case B.TYPE when '02' then B.RATE end) as HOURTWOAFTER,
        max(case B.TYPE when '03' then B.RATE end) as TAKEBEFORE,
        max(case B.TYPE when '04' then B.RATE end) as TAKEAFTER,
        max(case B.TYPE when '05' then B.RATE end) as STANDARD,
        max(case B.TYPE when '06' then B.RATE end) as TAKEBEFORETF,
        max(case B.TYPE when '07' then B.RATE end) as TAKEBEFORETFBF,
        max(case B.TYPE when '08' then B.RATE end) as HOURTFAFTER,
        max(case B.TYPE when '09' then B.RATE end) as BASECABINBEFORE,
        max(case B.TYPE when '10' then B.RATE end) as BASECABINAFTER,
        max(case B.TYPE when '11' then B.RATE end) as NCHECKIN,
        max(case B.TYPE when '12' then B.RATE end) as CHECKIN
	from BTSF_BIS_CABIN A left join BTSF_SYS_TICKET_REFUND_RATE B on A.id=B.CABIN_ID
	where A.id= #{cabinId}
	group by A.ID,A.AILLINES_CODE,A.SPACE_CODE,B.CABIN_ID,A.GUEST_RULES_CODE
  </select>
  <select id="findAll" resultMap="ShippingSpace" parameterType="java.util.Map">
   select ID,AIRLINES_CODE,SPACE_CODE,CABIN_ID,HOURTWOBEFORE,HOURTWOAFTER,TAKEBEFORE,TAKEAFTER,STANDARD,TAKEBEFORETF,TAKEBEFORETFBF,HOURTFAFTER,BASECABINBEFORE,BASECABINAFTER,NCHECKIN,CHECKIN,GUEST_RULES_CODE
   from (
   	select ROWNUM RN,T.ID,T.AIRLINES_CODE,T.SPACE_CODE,T.CABIN_ID,T.HOURTWOBEFORE,T.HOURTWOAFTER,T.TAKEBEFORE,T.TAKEAFTER,T.STANDARD,T.TAKEBEFORETF,T.TAKEBEFORETFBF,T.HOURTFAFTER,T.BASECABINBEFORE,T.BASECABINAFTER,T.NCHECKIN,T.CHECKIN,T.GUEST_RULES_CODE
   	from( 
	    select A.ID,A.AILLINES_CODE AIRLINES_CODE,A.SPACE_CODE,B.CABIN_ID,C.GUEST_RULES_CODE,
        max(case B.TYPE when '01' then B.RATE end) as HOURTWOBEFORE,
        max(case B.TYPE when '02' then B.RATE end) as HOURTWOAFTER,
        max(case B.TYPE when '03' then B.RATE end) as TAKEBEFORE,
        max(case B.TYPE when '04' then B.RATE end) as TAKEAFTER,
        max(case B.TYPE when '05' then B.RATE end) as STANDARD,
        max(case B.TYPE when '06' then B.RATE end) as TAKEBEFORETF,
        max(case B.TYPE when '07' then B.RATE end) as TAKEBEFORETFBF,
        max(case B.TYPE when '08' then B.RATE end) as HOURTFAFTER,
        max(case B.TYPE when '09' then B.RATE end) as BASECABINBEFORE,
        max(case B.TYPE when '10' then B.RATE end) as BASECABINAFTER,
        max(case B.TYPE when '11' then B.RATE end) as NCHECKIN,
        max(case B.TYPE when '12' then B.RATE end) as CHECKIN
	from BTSF_BIS_CABIN A 
	inner join BTSF_SYS_GUEST_RULE C on C.GUEST_RULES_CODE = A.GUEST_RULES_CODE
	inner join BTSF_SYS_TICKET_REFUND_RATE B on A.id=B.CABIN_ID
	
	<where>
		<if test="airlinesCode != null and airlinesCode != ''">
			and A.AILLINES_CODE like '%${airlinesCode}%'
		</if>
		<if test="spaceCode != null and spaceCode != ''">
			AND A.SPACE_CODE like '%${spaceCode}%'
		</if>
		<if test="guestRulesCode != null and guestRulesCode != ''">
			and C.GUEST_RULES_CODE like '%${guestRulesCode}%'
		</if>
	</where>
	group by A.ID,A.AILLINES_CODE,A.SPACE_CODE,B.CABIN_ID,C.GUEST_RULES_CODE
    )T
    <![CDATA[
      where ROWNUM <= (#{startIndex}+#{pageSize})) where RN>#{ startIndex}
    ]]>
  </select>
  <select id="count" parameterType="java.util.Map" resultType="int">
     select count(*) from (
	    select A.SPACE_CODE,A.AILLINES_CODE,A.GUEST_RULES_CODE
	    from BTSF_BIS_CABIN A inner join BTSF_SYS_TICKET_REFUND_RATE B on A.id=B.CABIN_ID group by A.AILLINES_CODE,A.SPACE_CODE
	    ) B 
		<where>
		<if test="airlinesCode != null and airlinesCode != ''">
			AILLINES_CODE like '%${airlinesCode}%'
		</if>
		<if test="spaceCode != null and spaceCode != ''">
			AND SPACE_CODE like '%${spaceCode}%'
		</if>
		<if test="guestRulesCode != null and guestRulesCode != ''">
			and GUEST_RULES_CODE like '%${guestRulesCode}%'
		</if>
		</where>
	</select>
  
  <delete id="delete" parameterType="String" >
    delete from BTSF_SYS_TICKET_REFUND_RATE
    where 
    CABIN_ID = #{cabinId}
  </delete>
  
  <delete id="deleteById" parameterType="Long" >
    delete from BTSF_SYS_TICKET_REFUND_RATE
    where 
    ID = #{id}
  </delete>
  <insert id="create" parameterType="cn.itkt.btsf.phone.ticketrate.po.TicketRatePO" >
	  	
    insert into BTSF_SYS_TICKET_REFUND_RATE (ID,CABIN_ID,TYPE,RATE)
    values (
			S_BTSF_SYS_TICKET_REFUND_RATE.NEXTVAL,
			#{ cabinId, javaType=long, jdbcType=NUMERIC},
			#{ type, javaType=String, jdbcType=CHAR},
			#{ rate, javaType=double, jdbcType=NUMERIC}
	    )
  </insert>

  <update id="update" parameterType="cn.itkt.btsf.phone.ticketrate.po.TicketRatePO" >
    update BTSF_SYS_TICKET_REFUND_RATE
    set
			ID = #{ id, javaType=long, jdbcType=NUMERIC},
				CABIN_ID = #{ cabinId, javaType=long, jdbcType=NUMERIC},
				TYPE = #{ type, javaType=String, jdbcType=CHAR},
				RATE = #{ rate, javaType=double, jdbcType=NUMERIC}
	<where>
		ID = #{id}
	</where>
  </update>

<select id="findByMap" resultMap="BaseResultMap" parameterType="java.util.Map" >
    select ID,CABIN_ID,TYPE,RATE
    from BTSF_SYS_TICKET_REFUND_RATE
    where
    CABIN_ID ='${cabinId}'
     and TYPE ='${type}'
  </select>
  <select id="findByCId" resultMap="BaseResultMap" parameterType="String" >
    select ID,CABIN_ID,TYPE,RATE
    from BTSF_SYS_TICKET_REFUND_RATE
    where
    CABIN_ID =#{cabinId}
  </select>
  <select id="findcabinIdByTime" resultType="String" parameterType="java.util.Map" >
     SELECT ID FROM(select c.id
	  from btsf_sys_guest_rule g
	 inner join btsf_bis_cabin c
	    on g.guest_rules_code = c.guest_rules_code
	 where c.aillines_code = #{aillinesCode}
	   and c.space_code =#{spaceCode}
	   and c.delete_sign = '0'
	   and g.delete_sign = '0'
	  <![CDATA[ and sysdate >= (decode(g.rules_effective_type,
	                         '0',
	                         g.ticket_start_date,
	                         sysdate - 1))
	    and sysdate <= (decode(g.rules_effective_type,
	                         '0',
	                         nvl(g.ticket_deadline, sysdate + 1),
	                         sysdate + 1))
	   and #{takeofftime} >= (decode(g.rules_effective_type, 
	                         '1',
	                         g.check_in_sdate,
	                          #{takeofftime} - 1))
	   and #{takeofftime} <= (decode(g.rules_effective_type, 
	                         '1',
	                         nvl(g.check_in_edate,  #{takeofftime} + 1),
	                          #{takeofftime} + 1))
	      
	   and sysdate >= (decode(g.rules_effective_type,
	                         '2',
	                         g.ticket_start_date,
	                         sysdate - 1))
	   and sysdate <= (decode(g.rules_effective_type,
	                         '2',
	                         nvl(g.ticket_deadline, sysdate + 1),
	                         sysdate + 1))
	   and #{takeofftime} >= (decode(g.rules_effective_type, 
	                         '2',
	                         g.check_in_sdate,
	                          #{takeofftime} - 1))
	   and #{takeofftime} <= (decode(g.rules_effective_type, 
	                         '2',
	                         nvl(g.check_in_edate,  #{takeofftime} + 1),
	                          #{takeofftime} + 1)) ]]>
	                         
	 order by g.ticket_start_date desc, g.check_in_sdate desc) WHERE  rownum=1
    
  </select>
  
    <select id="findcabinIdByRuleCode" resultType="String" parameterType="java.util.Map" >
    select B.id from BTSF_SYS_GUEST_RULE A 
    left join BTSF_BIS_CABIN B on A.GUEST_RULES_CODE=B.GUEST_RULES_CODE
    where 
    B.SPACE_CODE=#{spaceCode} and B.AILLINES_CODE = #{aillinesCode} and A.GUEST_RULES_CODE=#{ruleCode} and rownum=1 and B.DELETE_SIGN='0' and A.DELETE_SIGN='0'
     order by A.OPERATING_TIME desc 
    
  </select>
  <select id="findAll1" resultMap="ShippingSpace">
	    select A.ID,A.AILLINES_CODE AIRLINES_CODE,A.SPACE_CODE,B.CABIN_ID,C.GUEST_RULES_CODE,
        max(case B.TYPE when '01' then B.RATE end) as HOURTWOBEFORE,
        max(case B.TYPE when '02' then B.RATE end) as HOURTWOAFTER,
        max(case B.TYPE when '03' then B.RATE end) as TAKEBEFORE,
        max(case B.TYPE when '04' then B.RATE end) as TAKEAFTER,
        max(case B.TYPE when '05' then B.RATE end) as STANDARD,
        max(case B.TYPE when '06' then B.RATE end) as TAKEBEFORETF,
        max(case B.TYPE when '07' then B.RATE end) as TAKEBEFORETFBF,
        max(case B.TYPE when '08' then B.RATE end) as HOURTFAFTER,
        max(case B.TYPE when '09' then B.RATE end) as BASECABINBEFORE,
        max(case B.TYPE when '10' then B.RATE end) as BASECABINAFTER,
        max(case B.TYPE when '11' then B.RATE end) as NCHECKIN,
        max(case B.TYPE when '12' then B.RATE end) as CHECKIN
	from BTSF_BIS_CABIN A 
	left join BTSF_SYS_GUEST_RULE C on C.GUEST_RULES_CODE = A.GUEST_RULES_CODE
	right join BTSF_SYS_TICKET_REFUND_RATE B on A.id=B.CABIN_ID
	group by A.ID,A.AILLINES_CODE,A.SPACE_CODE,B.CABIN_ID,C.GUEST_RULES_CODE
	order by A.AILLINES_CODE,A.SPACE_CODE
  </select>
  <update id = "deleteAll" >   
       truncate table BTSF_SYS_TICKET_REFUND_RATE
  </update>
  <delete id = "deleteByCabinIdAndType" >   
       delete BTSF_SYS_TICKET_REFUND_RATE where cabin_id=#{cabinId} and type=#{type}
  </delete>
   
<!--codegen-->

</mapper>