<?xml version="1.0" encoding="UTF-8" ?>
<!DOCTYPE mapper PUBLIC "-//ibatis.apache.org//DTD Mapper 3.0//EN" 
"http://ibatis.apache.org/dtd/ibatis-3-mapper.dtd">
<mapper namespace="cn.itkt.btsf.sys.activity.dao.ActivityDao" >
  	<resultMap id="BaseResultMap" type="cn.itkt.btsf.sys.activity.po.ActivityPO" >
		<result column="ID" property="id" />
		<result column="ACTIVITY_ID" property="activityId" />
		<result column="ACTIVITY_NAME" property="activityName" />
		<result column="ACTIVITY_TYPE" property="activityType" />
		<result column="ACTIVITY_STARTDATE" property="activityStartDate" />
		<result column="ACTIVITY_ENDDATE" property="activityEndDate" />
		<result column="ACTIVITY_STATUS" property="activityStatus" />
		<result column="ACTIVITY_REMARK" property="activityRemark" />
		<result column="ALL_OR_ANY" property="allOrAny" />
		<result column="ACTIVITY_IMAGE" property="activityImage" />
  	</resultMap>
  	<!-- 获取所有的活动 -->
	<select id="findAllActivityForPage" resultMap="BaseResultMap" parameterType="java.util.Map" >
    select A1.* 
    from (select A2.*,ROWNUM RN 
    from (select ID,ACTIVITY_ID,ACTIVITY_NAME,ACTIVITY_TYPE,ACTIVITY_STARTDATE,ACTIVITY_ENDDATE,ACTIVITY_STATUS,ACTIVITY_REMARK,ALL_OR_ANY,ACTIVITY_IMAGE
    from  (
    select id,activity_id,activity_name,activity_type,activity_startdate,activity_enddate,
	(case when (<![CDATA[ac.activity_enddate < trunc(sysdate)]]>) then '03'
		else ac.activity_status end) as activity_status,
	activity_remark,all_or_any,activity_image
	from  btsf_sys_activity ac
    ) where 1=1
		<if test="activityId!=null and activityId!=''">
		    and ACTIVITY_ID = #{activityId}
	    </if>
		 <if test="activityName!=null and activityName!=''">
		    and ACTIVITY_NAME like concat(concat('%',replace(#{activityName},'%','\%')),'%') escape '\'
	    </if>
	     <if test="activityType!=null and activityType!=''">
		    and ACTIVITY_TYPE = #{activityType}
	    </if>
		 <if test="activityStatus!=null and activityStatus!=''">
		    and ACTIVITY_STATUS = #{activityStatus}
	    </if>
		<if test="activityStartDate1 != null and activityStartDate1 != ''">
			and ACTIVITY_STARTDATE >= #{activityStartDate1}
	    </if>
		<if test="activityStartDate2 != null and activityStartDate2 != ''">
			<![CDATA[and ACTIVITY_STARTDATE <= #{activityStartDate2}]]>
	    </if>
		<if test="activityEndDate1 != null and activityEndDate1 != ''">
			and ACTIVITY_ENDDATE >= #{activityEndDate1}
	    </if>
		<if test="activityEndDate2 != null and activityEndDate2 != ''">
			<![CDATA[and ACTIVITY_ENDDATE <= #{activityEndDate2}]]>
	    </if>
        ORDER BY ACTIVITY_ID desc) A2
		<![CDATA[WHERE ROWNUM <= (#{startIndex} + #{pageSize})]]> ) A1
		WHERE RN > #{startIndex}
	</select>
    <select id="countFindAllActivityForPage" parameterType="java.util.Map" resultType="int">
       	  select count(id) from  (
       	  select id,activity_id,activity_name,activity_type,activity_startdate,activity_enddate,
			(case when (<![CDATA[ac.activity_enddate < trunc(sysdate)]]>) then '03'
				else ac.activity_status end) as activity_status,
			activity_remark,all_or_any,activity_image
			from  btsf_sys_activity ac
       	  ) where 1=1
		<if test="activityId!=null and activityId!=''">
		    and ACTIVITY_ID = #{activityId}
	    </if>
		 <if test="activityName!=null and activityName!=''">
		    and ACTIVITY_NAME like concat(concat('%',replace(#{activityName},'%','\%')),'%') escape '\'
	    </if>
	     <if test="activityType!=null and activityType!=''">
		    and ACTIVITY_TYPE = #{activityType}
	    </if>
		 <if test="activityStatus!=null and activityStatus!=''">
		    and ACTIVITY_STATUS = #{activityStatus}
	    </if>
		<if test="activityStartDate1 != null and activityStartDate1 != ''">
			and ACTIVITY_STARTDATE >= #{activityStartDate1}
	    </if>
		<if test="activityStartDate2 != null and activityStartDate2 != ''">
			<![CDATA[and ACTIVITY_STARTDATE <= #{activityStartDate2}]]>
	    </if>
		<if test="activityEndDate1 != null and activityEndDate1 != ''">
			and ACTIVITY_ENDDATE >= #{activityEndDate1}
	    </if>
		<if test="activityEndDate2 != null and activityEndDate2 != ''">
			<![CDATA[and ACTIVITY_ENDDATE <= #{activityEndDate2}]]>
	    </if>
	</select>
	<!-- 获取所有的活动类型 -->
	<select id="getAllActivityTypes" resultType="hashmap">
		select t.* from BTSF_SYS_ACTIVITY_TYPE t
	</select>
	<!-- 获取活动方式的数据 -->
	<select id="getActivityWay" resultType="hashmap" parameterType="long">
		select t.ACTIVITY_WAY,t.CALCULATE_WAY,t.CALCULATE_VALUE from BTSF_SYS_ACTIVITY_WAY t
		where t.ACTIVITY_ID = #{activityId}
	</select>
	<!-- 获取所有的所属条件信息 -->
	<select id="getActivityConditions" resultType="hashmap" parameterType="long">
		select c.ID ,c.CONDITION_NAME,c.VIEW_TIME,c.CONDITION_TYPE ,c.FLAG
		from BTSF_SYS_ACTIVITY_CONDITION c ,BTSF_SYS_ACTIVITY_TYPE_CON t
		where c.ID =t.CONDITION_ID and c.FLAG=1 and t.ATYPE_ID = #{activityType}
	</select>
	<!-- 获取该活动所有的已经选条件信息 -->
	<select id="getActivityConditionValues" resultType="hashmap" parameterType="long">
		select c.ID,c.CONDITION_NAME, c.CONDITION_TYPE,t.CONDITION_VALUE from BTSF_SYS_ACTIVITY_ACONDITION t
		left join BTSF_SYS_ACTIVITY_CONDITION c on t.CONDITION_ID = c.ID
		where t.ACTIVITY_ID = #{activityId}
	</select>
	<!-- 添加一个活动 -->
	<insert id="createActivity" parameterType="cn.itkt.btsf.sys.activity.po.ActivityPO">
	<selectKey keyProperty="id" resultType="long" order="BEFORE">
		select BTSF_SYS_ACTIVITY_SEQUENCE.nextval from dual
	</selectKey>
		insert into BTSF_SYS_ACTIVITY (ID,ACTIVITY_ID,ACTIVITY_NAME,ACTIVITY_TYPE,ACTIVITY_STARTDATE,ACTIVITY_ENDDATE,ACTIVITY_STATUS,ACTIVITY_REMARK,ALL_OR_ANY,ACTIVITY_IMAGE) 
		values(
			#{ id, javaType=long, jdbcType=NUMERIC},
			#{ activityId, javaType=String, jdbcType=VARCHAR},
			#{ activityName, javaType=String, jdbcType=VARCHAR},
			#{ activityType, javaType=Long, jdbcType=NUMERIC},
			#{ activityStartDate, javaType=Date, jdbcType=DATE},
			#{ activityEndDate, javaType=Date, jdbcType=DATE},
			#{ activityStatus, javaType=String, jdbcType=CHAR},
			#{ activityRemark, javaType=String, jdbcType=VARCHAR},
			#{ allOrAny, javaType=String, jdbcType=CHAR},
			#{ activityImage, javaType=String, jdbcType=VARCHAR}
		)
	</insert>
	<!-- 添加一个活动方式 -->
	<insert id="createActivityWay" parameterType="hashmap">
	<selectKey keyProperty="id" resultType="long" order="BEFORE">
		select BTSF_SYS_ACT_WAY_SEQUENCE.nextval from dual
	</selectKey>
		insert into BTSF_SYS_ACTIVITY_WAY (ID,ACTIVITY_WAY,CALCULATE_WAY,CALCULATE_VALUE,ACTIVITY_ID) 
		values(
			#{ id, javaType=long, jdbcType=NUMERIC},
			#{ activityWay, javaType=String, jdbcType=CHAR},
			#{ calculateWay, javaType=String, jdbcType=CHAR},
			#{ calculateValue, javaType=float, jdbcType=NUMERIC},
			#{ activityId, javaType=long, jdbcType=NUMERIC}
		)
	</insert>
	<!-- 添加一个活动条件 -->
	<insert id="createActivityConds" parameterType="hashmap">
	<selectKey keyProperty="id" resultType="long" order="BEFORE">
		select BTSF_SYS_ACT_ACOND_SEQUENCE.nextval from dual
	</selectKey>
		insert into BTSF_SYS_ACTIVITY_ACONDITION (ID,ACTIVITY_ID,CONDITION_ID,CONDITION_VALUE) 
		values(
			#{ id, javaType=long, jdbcType=NUMERIC},
			#{ activityId, javaType=long, jdbcType=NUMERIC},
			#{ conditionId, javaType=Long, jdbcType=NUMERIC},
			#{ conditionValue, javaType=String, jdbcType=VARCHAR}
		)
	</insert>
	<!-- 删除由id指定的活动记录 -->
	<delete id="deleteActivity" parameterType="String">
		delete from BTSF_SYS_ACTIVITY t where t.ACTIVITY_ID = #{activityId}
	</delete>
	<!-- 根据activityId查找活动记录 -->
	<select id="findActivity" parameterType="String" resultMap="BaseResultMap">
		select * from BTSF_SYS_ACTIVITY t where t.ACTIVITY_ID = #{activityId}
	</select>
	<!-- 更新活动 -->
	<update id="updateActivity">
		update BTSF_SYS_ACTIVITY t set t.ACTIVITY_NAME = #{activityName},
		t.ACTIVITY_STARTDATE = #{activityStartDate},t.ACTIVITY_ENDDATE = #{activityEndDate},
		t.ACTIVITY_STATUS = #{activityStatus},t.ACTIVITY_REMARK = #{activityRemark},t.ALL_OR_ANY=#{allOrAny},t.ACTIVITY_IMAGE = #{activityImage}
		where t.ACTIVITY_ID = #{activityId}
	</update>
	<!-- 根据活动id删除活动组优先级表中记录 -->
	<delete id="deleteActivityPriority" parameterType="String">
		delete from BTSF_SYS_ACTIVITY_PRIORITY  t where t.ACTIVITY_ID = #{activityId}
	</delete>
	<!-- 根据活动id删除活动方式表中记录 -->
	<delete id="deleteActivityWay" parameterType="long">
		delete from BTSF_SYS_ACTIVITY_WAY  t where t.ACTIVITY_ID = #{activityId}
	</delete>
	<!-- 根据活动id删除活动条件表中记录 -->
	<delete id="deleteActivityConds" parameterType="long">
		delete from BTSF_SYS_ACTIVITY_ACONDITION  t where t.ACTIVITY_ID = #{activityId}
	</delete>
</mapper>