<?xml version="1.0" encoding="UTF-8" ?>
<!DOCTYPE mapper PUBLIC "-//ibatis.apache.org//DTD Mapper 3.0//EN" 
"http://ibatis.apache.org/dtd/ibatis-3-mapper.dtd">
<mapper namespace="cn.itkt.btsf.sys.activity.dao.ActivityPriorityDao" >
	<resultMap type="cn.itkt.btsf.sys.activity.vo.ActivityGroupVO" id="baseResultMap">
		<result column="ID" property="id" />
		<result column="AGROUP_PRIORITY" property="groupPriority" />
		<result column="AGROUP_NAME" property="groupName" />
		<result column="AGROUP_REMARK" property="groupRemark" />
		<collection property="activityList" javaType="ArrayList" ofType="cn.itkt.btsf.sys.activity.vo.ActivityVO">
		    <result column="A_ID" property="id" />
		    <result column="ACTIVITY_ID" property="activityId" />
			<result column="ACTIVITY_NAME" property="activityName" />
			<result column="ACTIVITY_TYPE" property="activityType" />
			<result column="ACTIVITY_STARTDATE" property="activityStartDate" />
			<result column="ACTIVITY_ENDDATE" property="activityEndDate" />
			<result column="ACTIVITY_STATUS" property="activityStatus" />
			<result column="ACTIVITY_REMARK" property="activityRemark" />
			<result column="ACTIVITY_PRIORITY" property="activityPriority" />
		</collection>
	</resultMap>
	<resultMap id="activityMap" type="cn.itkt.btsf.sys.activity.po.ActivityPO" >
		<result column="ID" property="id" />
		<result column="ACTIVITY_ID" property="activityId" />
		<result column="ACTIVITY_NAME" property="activityName" />
		<result column="ACTIVITY_TYPE" property="activityType" />
		<result column="ACTIVITY_STARTDATE" property="activityStartDate" />
		<result column="ACTIVITY_ENDDATE" property="activityEndDate" />
		<result column="ACTIVITY_STATUS" property="activityStatus" />
		<result column="ACTIVITY_REMARK" property="activityRemark" />
		<result column="IS_SATISFY" property="isSatisfy" />
		<result column="ALL_OR_ANY" property="allOrAny" />
  	</resultMap>
	<select id="listActivityGroup" resultMap="baseResultMap">
		SELECT G.ID,
		       G.AGROUP_NAME,
		       G.AGROUP_REMARK,
		       G.AGROUP_PRIORITY,
		       A.ID A_ID,
		       A.ACTIVITY_ID,
		       A.ACTIVITY_NAME,
		       A.ACTIVITY_TYPE,
		       A.ACTIVITY_STARTDATE,
		       A.ACTIVITY_ENDDATE,
		       A.ACTIVITY_STATUS,
		       A.ACTIVITY_REMARK,
		       ACTIVITY_PRIORITY
		  FROM BTSF_SYS_ACTIVITY_GROUP G
		  LEFT JOIN BTSF_SYS_ACTIVITY_PRIORITY P
		    ON G.ID = P.AGROUP_ID
		  LEFT JOIN BTSF_SYS_ACTIVITY A
		    ON P.ACTIVITY_ID = A.ID
	</select>
	<delete id="deleteAllPriority">
		DELETE FROM BTSF_SYS_ACTIVITY_PRIORITY
	</delete>
	<update id="activityPrioritySet" parameterType="hashmap">
		UPDATE BTSF_SYS_ACTIVITY_PRIORITY T
		   SET ACTIVITY_PRIORITY= #{activityPriority}
		 WHERE T.AGROUP_ID=#{groupId}
		   AND T.ACTIVITY_ID=#{activityId}
	</update>
	<update id="updateGroupPriority" parameterType="hashmap">
		UPDATE BTSF_SYS_ACTIVITY_GROUP G
      	   SET G.AGROUP_PRIORITY = #{groupPriority}
    	 WHERE G.ID = #{groupId}
	</update>
	<delete id="deleteActivityPriority" parameterType="hashmap">
		DELETE FROM BTSF_SYS_ACTIVITY_PRIORITY T
 		 WHERE T.AGROUP_ID = #{groupId}
   	       AND T.ACTIVITY_ID = #{activityId}
	</delete>
	<delete id="deleteActivityGroup" parameterType="long">
		DELETE FROM BTSF_SYS_ACTIVITY_GROUP T WHERE T.ID=#{groupId}
	</delete>
	<delete id="deleteActivityGroupPriority" parameterType="long">
		
		DELETE FROM BTSF_SYS_ACTIVITY_PRIORITY T WHERE T.AGROUP_ID=#{groupId}
	</delete>
	<insert id="createGroup" parameterType="cn.itkt.btsf.sys.activity.vo.ActivityGroupVO">
		<selectKey keyProperty="id" order="BEFORE" resultType="long">
			SELECT BTSF_SYS_ACT_GROUP_SEQUENCE.NEXTVAL FROM DUAL
		</selectKey>
		INSERT INTO BTSF_SYS_ACTIVITY_GROUP
  			        (ID, AGROUP_NAME, AGROUP_REMARK, AGROUP_PRIORITY)
             VALUES
  					(#{id}, #{groupName}, #{groupRemark}, #{groupPriority})
	</insert>
	<insert id="createActivityPriority" parameterType="hashmap">
		INSERT INTO BTSF_SYS_ACTIVITY_PRIORITY
  					(ID, AGROUP_ID, ACTIVITY_ID, ACTIVITY_PRIORITY)
		VALUES
  					(BTSF_SYS_ACT_PRIORITY_SEQUENCE.NEXTVAL,
   					#{groupId},
   					#{activityId},
   					#{activityPriority})
	</insert>
	<!-- 获取所有的活动 -->
	<select id="findAllActivityForPage" resultMap="activityMap" parameterType="java.util.Map" >
    select A1.* 
    from (select A2.*,ROWNUM RN 
    from (select A.ID,A.ACTIVITY_ID,ACTIVITY_NAME,ACTIVITY_TYPE,ACTIVITY_STARTDATE,ACTIVITY_ENDDATE,ACTIVITY_STATUS,ACTIVITY_REMARK 
    from  BTSF_SYS_ACTIVITY A LEFT JOIN BTSF_SYS_ACTIVITY_PRIORITY P ON A.ID=P.ACTIVITY_ID  
    <where>
		<if test="activityId!=null and activityId!=''">
		    and A.ACTIVITY_ID = #{activityId}
	    </if>
		 <if test="activityName!=null and activityName!=''">
		    and ACTIVITY_NAME like '%${activityName}%'
	    </if>
	     <if test="activityType!=null and activityType!=''">
		    and ACTIVITY_TYPE = #{activityType}
	    </if>
		 <if test="activityStatus!=null and activityStatus!=''">
		    and ACTIVITY_STATUS = #{activityStatus}
	    </if>
		<if test="activityStartDate1 != null and activityStartDate1 != ''">
			and ACTIVITY_STARTDATE >= #{activityStartDate1}
	    </if>
		<if test="activityStartDate2 != null and activityStartDate2 != ''">
			<![CDATA[and ACTIVITY_STARTDATE <= #{activityStartDate2}]]>
	    </if>
		<if test="activityEndDate1 != null and activityEndDate1 != ''">
			and ACTIVITY_ENDDATE >= #{activityEndDate1}
	    </if>
		<if test="activityEndDate2 != null and activityEndDate2 != ''">
			<![CDATA[and ACTIVITY_ENDDATE <= #{activityEndDate2}]]>
	    </if>
		and not exists( select id 
						  from BTSF_SYS_ACTIVITY_PRIORITY p 
						 where p.activity_id=a.id )
		<!--  <if test="group != null and group != ''">
						   and p.agroup_id=#{group}
		</if>-->
		
	</where>
        ORDER BY ACTIVITY_STARTDATE desc) A2
		<![CDATA[WHERE ROWNUM <= (#{startIndex} + #{pageSize})]]> ) A1
		WHERE RN > #{startIndex}
	</select>
    <select id="countFindAllActivityForPage" parameterType="java.util.Map" resultType="int">
       	  select count(A.id) from  BTSF_SYS_ACTIVITY A LEFT JOIN BTSF_SYS_ACTIVITY_PRIORITY P ON A.ID=P.ACTIVITY_ID 
       	<where>
		<if test="activityId!=null and activityId!=''">
		    and A.ACTIVITY_ID = #{activityId}
	    </if>
		 <if test="activityName!=null and activityName!=''">
		    and ACTIVITY_NAME like '%${activityName}%'
	    </if>
	     <if test="activityType!=null and activityType!=''">
		    and ACTIVITY_TYPE = #{activityType}
	    </if>
		 <if test="activityStatus!=null and activityStatus!=''">
		    and ACTIVITY_STATUS = #{activityStatus}
	    </if>
		<if test="activityStartDate1 != null and activityStartDate1 != ''">
			and ACTIVITY_STARTDATE >= #{activityStartDate1}
	    </if>
		<if test="activityStartDate2 != null and activityStartDate2 != ''">
			<![CDATA[and ACTIVITY_STARTDATE <= #{activityStartDate2}]]>
	    </if>
		<if test="activityEndDate1 != null and activityEndDate1 != ''">
			and ACTIVITY_ENDDATE >= #{activityEndDate1}
	    </if>
		<if test="activityEndDate2 != null and activityEndDate2 != ''">
			<![CDATA[and ACTIVITY_ENDDATE <= #{activityEndDate2}]]>
	    </if>
	    and not exists( select id 
						  from BTSF_SYS_ACTIVITY_PRIORITY p 
						 where p.activity_id=a.id)
		<!--  <if test="group != null and group != ''">
						   and p.agroup_id=#{group}
		</if>-->
	    </where>
	</select>
</mapper>