<?xml version="1.0" encoding="UTF-8" ?>
<!DOCTYPE mapper PUBLIC "-//ibatis.apache.org//DTD Mapper 3.0//EN" 
"http://ibatis.apache.org/dtd/ibatis-3-mapper.dtd">
<mapper namespace="cn.itkt.btsf.sys.activity.dao.ActivityConditionDao" >
	<select id="findAllShippingSpaceList" parameterType="hashmap" resultType="hashmap" >
		select c.SPACE_CODE,c.SPACE_NAME from BTSF_BIS_CABIN c, 
		BTSF_BIS_AIRLINES a
		where c.AILLINES_CODE = a.AIRLINES_CODE 
		<if test="companyId !='' and companyId !=null">
			and a.ID = #{companyId}
		</if>
		<if test="aillinesCode !='' and aillinesCode !=null">
			and c.AILLINES_CODE = #{aillinesCode}
		</if>
		<if test="spaceCode !='' and spaceCode !=null">
			and c.SPACE_CODE = #{spaceCode}
		</if>
		order by c.SPACE_CODE
	</select>
	<select id="queryAirLine" parameterType="hashmap" resultType="hashmap">
	
		SELECT FROM_CITY_CODE, TO_CITY_CODE, FROM_CITY_NAME, TO_CITY_NAME, ROWNO
  		  FROM (SELECT FROM_CITY_CODE,
               		   TO_CITY_CODE,
               		   FROM_CITY_NAME,
               		   TO_CITY_NAME,
               		   ROWNO
          		  FROM (SELECT 	L.FROM_CITY_CODE,
                       			L.TO_CITY_CODE,
                       			F.CITY_CNNAME    FROM_CITY_NAME,
                       			T.CITY_CNNAME    TO_CITY_NAME,
                       			ROWNUM           ROWNO
                  		 FROM 	BTSF_BIS_LINE L
                  		 LEFT 	JOIN BTSF_BIS_CITY F
                           ON 	L.FROM_CITY_CODE = F.CITY_CODE
                  		 LEFT 	JOIN BTSF_BIS_CITY T
                    	   ON 	L.TO_CITY_CODE = T.CITY_CODE
                    <where>
    					<if test="fromCityCode !='' and fromCityCode !=null">
    							AND L.FROM_CITY_CODE =#{fromCityCode}
    					</if>
    					<if test="toCityCode !='' and toCityCode !=null">
    							and L.TO_CITY_CODE =#{toCityCode}
    					</if>
    					<if test="toCityName !='' and toCityName !=null">
    							and T.CITY_CNNAME  LIKE CONCAT(CONCAT('%',#{toCityName}),'%')
    					</if>
    					<if test="fromCityName !='' and fromCityName !=null">
    							and F.CITY_CNNAME  LIKE CONCAT(CONCAT('%',#{fromCityName}),'%')
    					</if>
    				</where>
                 		ORDER 	BY L.FROM_CITY_CODE)
         		<![CDATA[ WHERE ROWNO <= (#{startIndex} + #{pageSize}) )]]>
		WHERE ROWNO >#{startIndex}
	</select>
	<select id="countAirLine" parameterType="hashmap" resultType="int">
		SELECT COUNT(*)
		FROM 	BTSF_BIS_LINE L
        LEFT 	JOIN BTSF_BIS_CITY F
          ON 	L.FROM_CITY_CODE = F.CITY_CODE
        LEFT 	JOIN BTSF_BIS_CITY T
          ON 	L.TO_CITY_CODE = T.CITY_CODE
       <where>
    	<if test="fromCityCode !='' and fromCityCode !=null">
    		    AND L.FROM_CITY_CODE =#{fromCityCode}
    	</if>
    	<if test="toCityCode !='' and toCityCode !=null">
    			AND L.TO_CITY_CODE =#{toCityCode}
    	</if>
    	<if test="toCityName !='' and toCityName !=null">
    			AND T.CITY_CNNAME  LIKE CONCAT(CONCAT('%',#{toCityName}),'%')
    	</if>
    	<if test="fromCityName !='' and fromCityName !=null">
    			AND F.CITY_CNNAME  LIKE CONCAT(CONCAT('%',#{fromCityName}),'%')
    	</if>
    	</where>             
	</select>
	<select id="queryAllCity" parameterType="hashmap" resultType="hashmap">
		SELECT 	C.ID,C.CITY_ENNAME,C.CITY_CODE, C.CITY_CNNAME, C.PROVINCE_NAME
		FROM 	BTSF_BIS_CITY C
             <where>
		<if test="flag0 =='in' and flag1 =='from' ">
			AND CITY_CODE in (${fromCities})
		</if>
		<if test="flag0 =='not in' and flag1 =='from' and fromCities!='' and fromCities!=null">
			AND CITY_CODE not in (${fromCities})
		</if>
		<if test="flag0 =='in' and flag1 =='to'">
			AND CITY_CODE in (${toCities})
		</if>
		<if test="flag0 =='not in' and flag1 =='to' and toCities!='' and toCities!=null">
			AND CITY_CODE not in (${toCities})
		</if>
	</where>
	ORDER BY C.CITY_ENNAME
	</select>
	<select id="queryCity" parameterType="hashmap" resultType="hashmap">
		SELECT ID,CITY_CODE,CITY_CNNAME,PROVINCE_NAME,ROWNO
  		  FROM (SELECT ID,
  		  			   CITY_CODE,
               		   CITY_CNNAME,
               		   PROVINCE_NAME,
               		   ROWNO
          		  FROM (SELECT 	C.ID,C.CITY_CODE, C.CITY_CNNAME, C.PROVINCE_NAME,
                       			ROWNUM           ROWNO
                  		 FROM 	BTSF_BIS_CITY C
                    <where>
    					<if test="cityCode !='' and cityCode !=null">
    							AND CITY_CODE =#{cityCode}
    					</if>
    					<if test="cityName !='' and cityName !=null">
    							and CITY_CNNAME LIKE CONCAT(CONCAT('%',#{cityName}),'%')
    					</if>
    					<if test="provinceName !='' and provinceName !=null">
    							and PROVINCE_NAME  LIKE CONCAT(CONCAT('%',#{provinceName}),'%')
    					</if>
    				</where>
                 		ORDER 	BY CITY_CODE)
         		<![CDATA[ WHERE ROWNO <= (#{startIndex} + #{pageSize}) )]]>
		WHERE ROWNO >#{startIndex}
	</select>
	<select id="countCity" parameterType="hashmap" resultType="int">
						SELECT 	COUNT(*)
                  		 FROM 	BTSF_BIS_CITY C
                    <where>
    					<if test="cityCode !='' and cityCode !=null">
    							AND CITY_CODE =#{cityCode}
    					</if>
    					<if test="cityName !='' and cityName !=null">
    							and CITY_CNNAME LIKE CONCAT(CONCAT('%',#{cityName}),'%')
    					</if>
    					<if test="provinceName !='' and provinceName !=null">
    							and PROVINCE_NAME  LIKE CONCAT(CONCAT('%',#{provinceName}),'%')
    					</if>
    				</where>
	</select>
	<select id="queryProvince" parameterType="hashmap" resultType="hashmap">
		SELECT P.PROVINCE_CODE,P.PROVINCE_CNNAME,P.PROVINCE_CAPITAL FROM BTSF_BIS_PROVINCE P
		WHERE P.DELETE_SIGN = '0'
		<if test="provinceCode !='' and provinceCode != null">
			and P.PROVINCE_CODE = #{provinceCode}
		</if>
	</select>
	
	<select id="queryRecommendPhone" parameterType="hashmap" resultType="hashmap">
		select A.* FROM (select A1.*,ROWNUM RN FROM ( 
		SELECT DISTINCT U.RECOMMENDPHONE FROM BTSF_PHONE_USERS U
		WHERE U.RECOMMENDPHONE IS NOT NULL
		<if test="recommendPhone !='' and recommendPhone !=null">
				and U.RECOMMENDPHONE LIKE CONCAT(CONCAT('%',#{recommendPhone}),'%')
		</if>
		)A1
        <![CDATA[ 
	     WHERE ROWNUM <= (#{startIndex} + #{pageSize})) A 
			    WHERE RN>#{ startIndex}
		]]>
	</select>
	<select id="countRecommendPhone" parameterType="hashmap" resultType="int">
		select count(*) from 
		(SELECT DISTINCT U.RECOMMENDPHONE FROM BTSF_PHONE_USERS U
		WHERE U.RECOMMENDPHONE IS NOT NULL
		<if test="recommendPhone !='' and recommendPhone !=null">
				and U.RECOMMENDPHONE LIKE CONCAT(CONCAT('%',#{recommendPhone}),'%')
		</if>
		)                    
	</select>
	
	<!-- 查询会员归属渠道 -->
	<select id="queryUserChannels" parameterType="hashmap" resultType="hashmap">
	select distinct t1.CHANNELID,t2.CHANNEL_REMARK as CHANNELREMARK
      from BTSF_PHONE_VISITCOUNT t1 left join BTSF_PHONE_CHANNEL t2 
      on t1.CHANNELID = t2.CHANNEL_NAME
      <if test="channelId !='' and channelId !=null">
		where t1.CHANNELID like '%${channelId}%'
		</if>
		order by t1.CHANNELID
	</select>
	<!-- 查询航空公司信息 -->
	<select id="queryAirCompany" parameterType="hashmap" resultType="hashmap">
		select A.* FROM (select A1.*,ROWNUM RN FROM ( 
		select t.ID, t.AIRLINES_CODE,t.AIRLINES_CNNAME from BTSF_BIS_AIRLINES t
		where 1=1
		<if test="airlinesCode !='' and airlinesCode !=null">
			and t.AIRLINES_CODE = #{airlinesCode}
		</if>
		<if test="airlinesName !='' and airlinesName !=null">
			and t.AIRLINES_CNNAME LIKE CONCAT(CONCAT('%', #{airlinesName}), '%')
		</if>
		)A1
        <![CDATA[ 
	     WHERE ROWNUM <= (#{startIndex} + #{pageSize})) A 
			    WHERE RN>#{ startIndex}
		]]>
	</select>
	<select id="countAirCompany" parameterType="hashmap" resultType="int">
		select count(*) from 
		(select t.ID, t.AIRLINES_CODE,t.AIRLINES_CNNAME from BTSF_BIS_AIRLINES t
		where 1=1
		<if test="airlinesCode !='' and airlinesCode !=null">
			and t.AIRLINES_CODE = #{airlinesCode}
		</if>
		<if test="airlinesCnname !='' and airlinesCnname !=null">
			and t.AIRLINES_CNNAME = #{airlinesCnname}
		</if>
		)                    
	</select>
</mapper>