<?xml version="1.0" encoding="UTF-8" ?>
<!DOCTYPE mapper PUBLIC "-//ibatis.apache.org//DTD Mapper 3.0//EN" 
"http://ibatis.apache.org/dtd/ibatis-3-mapper.dtd">
<mapper namespace="cn.itkt.btsf.sys.activity.dao.ClientActivityDao" >
  	<resultMap id="BaseResultMap" type="cn.itkt.btsf.sys.activity.po.ClientActivityPO" >
		<result column="ID" property="id" />
		<result column="ACTIVITY_ID" property="activityId" />
		<result column="ACTIVITY_NAME" property="activityName" />
		<result column="ACTIVITY_STARTDATE" property="activityStartDate" />
		<result column="ACTIVITY_ENDDATE" property="activityEndDate" />
		<result column="ACTIVITY_STATUS" property="activityStatus" />
		<result column="ACTIVITY_REMARK" property="activityRemark" />
		<result column="ACTIVITY_IMAGE" property="activityImage" />
		<result column="ACTIVITY_ORDER" property="activityOrder" />
  	</resultMap>
  	<!-- 获取所有的活动 -->
	<select id="findAllActivityForPage" resultMap="BaseResultMap" parameterType="java.util.Map" >
    select A1.* 
    from (select A2.*,ROWNUM RN 
    from (select ID,ACTIVITY_ID,ACTIVITY_NAME,ACTIVITY_STARTDATE,ACTIVITY_ENDDATE,ACTIVITY_STATUS,ACTIVITY_REMARK,ACTIVITY_IMAGE,ACTIVITY_ORDER
    from (
    	select ac.id,ac.activity_id,ac.activity_name,ac.activity_startdate,
		ac.activity_enddate,
		(case when (<![CDATA[ac.activity_enddate <= sysdate-1]]>) then '03'
		else ac.activity_status end) as activity_status,
		ac.activity_remark,ac.activity_image,ac.activity_order
		from btsf_sys_activity_client ac
    ) where 1=1
		<if test="activityId!=null and activityId!=''">
		    and ACTIVITY_ID = #{activityId}
	    </if>
		 <if test="activityName!=null and activityName!=''">
		    and ACTIVITY_NAME like concat(concat('%',#{activityName}),'%')
	    </if>
		 <if test="activityStatus!=null and activityStatus!=''">
		    and ACTIVITY_STATUS = #{activityStatus}
	    </if>
		<if test="activityStartDate1 != null and activityStartDate1 != ''">
			and ACTIVITY_STARTDATE >= #{activityStartDate1}
	    </if>
		<if test="activityStartDate2 != null and activityStartDate2 != ''">
			<![CDATA[and ACTIVITY_STARTDATE <= #{activityStartDate2}]]>
	    </if>
		<if test="activityEndDate1 != null and activityEndDate1 != ''">
			and ACTIVITY_ENDDATE >= #{activityEndDate1}
	    </if>
		<if test="activityEndDate2 != null and activityEndDate2 != ''">
			<![CDATA[and ACTIVITY_ENDDATE <= #{activityEndDate2}]]>
	    </if>
        ORDER BY ACTIVITY_STATUS,ACTIVITY_ORDER) A2
		<![CDATA[WHERE ROWNUM <= (#{startIndex} + #{pageSize})]]> ) A1
		WHERE RN > #{startIndex}
	</select>
    <select id="countFindAllActivityForPage" parameterType="java.util.Map" resultType="int">
       	  select count(id) from (
    	select ac.id,ac.activity_id,ac.activity_name,ac.activity_startdate,
		ac.activity_enddate,
		(case when (<![CDATA[ac.activity_enddate <= sysdate-1]]>) then '03'
		else ac.activity_status end) as activity_status,
		ac.activity_remark,ac.activity_image,ac.activity_order
		from btsf_sys_activity_client ac
    ) where 1=1
		<if test="activityId!=null and activityId!=''">
		    and ACTIVITY_ID = #{activityId}
	    </if>
		 <if test="activityName!=null and activityName!=''">
		    and ACTIVITY_NAME like concat(concat('%',#{activityName}),'%')
	    </if>
		 <if test="activityStatus!=null and activityStatus!=''">
		    and ACTIVITY_STATUS = #{activityStatus}
	    </if>
		<if test="activityStartDate1 != null and activityStartDate1 != ''">
			and ACTIVITY_STARTDATE >= #{activityStartDate1}
	    </if>
		<if test="activityStartDate2 != null and activityStartDate2 != ''">
			<![CDATA[and ACTIVITY_STARTDATE <= #{activityStartDate2}]]>
	    </if>
		<if test="activityEndDate1 != null and activityEndDate1 != ''">
			and ACTIVITY_ENDDATE >= #{activityEndDate1}
	    </if>
		<if test="activityEndDate2 != null and activityEndDate2 != ''">
			<![CDATA[and ACTIVITY_ENDDATE <= #{activityEndDate2}]]>
	    </if>
	</select>
	<!-- 添加一个活动 -->
	<insert id="createActivity" parameterType="cn.itkt.btsf.sys.activity.po.ActivityPO">
	<selectKey keyProperty="id" resultType="long" order="BEFORE">
		select BTSF_SYS_CACTIVITY_SEQUENCE.nextval from dual
	</selectKey>
		insert into BTSF_SYS_ACTIVITY_CLIENT (ID,ACTIVITY_ID,ACTIVITY_NAME,ACTIVITY_STARTDATE,ACTIVITY_ENDDATE,ACTIVITY_STATUS,ACTIVITY_REMARK,ACTIVITY_IMAGE,ACTIVITY_ORDER) 
		values(
			#{ id, javaType=long, jdbcType=NUMERIC},
			#{ activityId, javaType=String, jdbcType=VARCHAR},
			#{ activityName, javaType=String, jdbcType=VARCHAR},
			#{ activityStartDate, javaType=Date, jdbcType=DATE},
			#{ activityEndDate, javaType=Date, jdbcType=DATE},
			#{ activityStatus, javaType=String, jdbcType=CHAR},
			#{ activityRemark, javaType=String, jdbcType=VARCHAR},
			#{ activityImage, javaType=String, jdbcType=VARCHAR},
			#{ activityOrder, javaType=int, jdbcType=NUMERIC}
		)
	</insert>
	<!-- 删除由id指定的活动记录 -->
	<delete id="deleteActivity" parameterType="String">
		delete from BTSF_SYS_ACTIVITY_CLIENT t where t.ACTIVITY_ID = #{activityId}
	</delete>
	<!-- 根据activityId查找活动记录 -->
	<select id="findActivity" parameterType="String" resultMap="BaseResultMap">
		select * from BTSF_SYS_ACTIVITY_CLIENT t where t.ACTIVITY_ID = #{activityId}
	</select>
	<!-- 更新活动 -->
	<update id="updateActivity">
		update BTSF_SYS_ACTIVITY_CLIENT t set t.ACTIVITY_NAME = #{activityName},
		t.ACTIVITY_STARTDATE = #{activityStartDate},t.ACTIVITY_ENDDATE = #{activityEndDate},
		t.ACTIVITY_STATUS = #{activityStatus},t.ACTIVITY_REMARK = #{activityRemark}
		<if test="activityImage!=null">
			,t.ACTIVITY_IMAGE = #{activityImage}
		</if>
		where t.ACTIVITY_ID = #{activityId}
	</update>
	
	<!-- 开启或禁用提示信息 -->
	<update id="updateActivityOrder" parameterType="hashmap">
		update BTSF_SYS_ACTIVITY_CLIENT t set t.ACTIVITY_ORDER = #{activityOrder}
		where t.ACTIVITY_ID = #{activityId}
	</update>
</mapper>