<?xml version="1.0" encoding="GBK" ?>
<!DOCTYPE mapper PUBLIC "-//ibatis.apache.org//DTD Mapper 3.0//EN" 
"http://ibatis.apache.org/dtd/ibatis-3-mapper.dtd">
<mapper namespace="cn.itkt.btsf.rentcar.dao.RentCarDao" >
  <resultMap id="CarBaseResultMap" type="cn.itkt.btsf.rentcar.po.RentCarPO" >
	<result column="ID" property="id" />
	<result column="cityname" property="cityname" />
	<result column="citycode" property="citycode" />
	<result column="districtname" property="districtname" />
  </resultMap>
  <resultMap id="StoreResultMap" type="cn.itkt.btsf.rentcar.po.RentCarStorePO" >
	<result column="ID" property="id" />
	<result column="disid" property="disid" />
	<result column="storename" property="storename" />
	<result column="storecode" property="storecode" />
	<result column="address" property="address" />
	<result column="fromtime" property="fromtime" />
	<result column="totime" property="totime" />
	<result column="servicestatus" property="servicestatus" />
	<result column="telephone" property="telephone" />
	<result column="deptype" property="deptype" />
  </resultMap>
  <resultMap id="CarOrderResultMap" type="cn.itkt.btsf.rentcar.po.RentCarOrderPO" >
	<result column="ID" property="id" />
	
  </resultMap>
  
  <select id="find" resultMap="CarBaseResultMap" parameterType="String" >
     select 
     t.id as ID,
    t.channel_name as CHANNELNAME, 
    t.channel_remark as CHANNELREMARK
   from btsf_phone_channel t
    where
     ID = #{ id}
  </select>
  <select id="findAllCarCity" resultMap="CarBaseResultMap">
     select t.id as ID,
     t.citycode as citycode,
     t.cityname  as cityname
     from btsf_rentcar_city t
     order by t.cityname
  </select>
  <select id="findARegionbycity" resultMap="CarBaseResultMap" parameterType="cn.itkt.btsf.rentcar.po.RentCarPO" >
    select t.id as id, t.districtname as districtname
     from btsf_rentcar_district t
       where t.city_id =
       (select c.id from btsf_rentcar_city c where c.cityname =#{cityname} )
    order by t.id
  </select>
  <select id="findStorebyRegion" resultMap="StoreResultMap" parameterType="cn.itkt.btsf.rentcar.po.RentCarStorePO" >
    select s.id as id,
       s.dis_id as disid,
       s.storecode as storecode,
       s.storename as storename,
       s.address as address,
       s.fromtime as fromtime,
       s.totime as totime,
       s.servicestatus as servicestatus,
       s.telephone as telephone,
       s.deptype as deptype
    from btsf_rentcar_dis_store s
     where s.dis_id in
      (${disid})
     order by s.dis_id
     ,s.deptype
  </select>
    <select id="findCityCode" resultType="String" parameterType="cn.itkt.btsf.rentcar.po.RentCarPO" >
     select 
     t.citycode as citycode
     from btsf_rentcar_city t
     where
     cityname= #{cityname}
  </select>
  <select id="searchAllOrders" parameterType="hashmap" resultType="hashmap">
select * from (
   select tt.*, ROWNUM  RN
       FROM (select t.id                as id,
               t.userid            as memberId,
               t.orderno           as orderNo,
               t.channeltype       as source,
               t.comments          as comments,
               t.addtime           as addtime,
               t.lcdorderno        as lcdorderno,
               nvl(t.addorderuserid,'') as addorderuserid,
               nvl(t.operatoruserid,'') as operatoruserid,
               nvl(t.cancelorderid,'') as cancelorderid,
               o.id as oid,
               o.totalcarrentmoney as totalCarRentMoney,
               floor(o.lcd)               lcd,
               o.lcdrate           as lcdrate,
               o.lcdvlaue          as lcdvalue,
               o.totalorderprice   as totalOrderPrice,
               o.fromdate          as fromDate,
               o.todate            as toDate,
               o.orderstatus       as orderStatus,
               o.carname           as carName,
               o.cartype           as carType,
               o.username          as userName,
               o.phoneno           as phoneno,
               o.fromstore as fromstore,
               o.insurancefee as insurancefee,
               o.servicefee as servicefee,
               o.tostore as tostore,
               o.totalcarrentmoney+o.insurancefee as LCDMONEY,
               o.is_change,
               o.return_money,
               o.settle_return_money,
               o.adjust_lcd,
               p.name as pname,
               p.telephone as ptelephone,
               u.name  as  uname,
               o.usercardtype as idcardtype,
               o.idcardnumber      as idcard 
          from btsf_rentcar_sys_order t
           left join btsf_rentcar_sys_orderinfo o on t.id = o.order_id
            left join btsf_phone_users p on t.userid=p.userid
             left join btsf_sys_psn_user u on t.operatoruserid=u.id
         where 1=1 and o.id is not null
         <if test="lcdorderno!=null and lcdorderno!='' ">
              and t.lcdorderno like ${lcdorderno}
       </if>  
       <if test="source!=null and source!=''">
              and t.channeltype = #{source}
       </if>  
       <if test="memberId!=null and memberId!=''">
              and t.userid = #{memberId}
       </if>  
       <if test="orderNo!=null and orderNo!=''">
              and t.orderNo = #{orderNo}
       </if>  
       <if test="orderStatus!=null and orderStatus!=''">
              and o.orderStatus = #{orderStatus}
       </if>  
       <if test="userName!=null and userName!=''">
              and o.userName like '%${userName}%'
       </if>  
       <if test="phoneno!=null and phoneno!=''">
              and o.phoneno = #{phoneno}
       </if>  
       <if test="idcard!=null and idcard!=''">
              and o.idcardnumber = #{idcard}
       </if>   
       <if test="carType!=null and carType!=''">
              and o.carType like '%${carType}%'
       </if> 
       <if test="fromdate!=null and fromdate!=''">
              and o.fromdate >= #{fromdate}
       </if> 
       <if test="fromdateto!=null and fromdateto!=''">
           <![CDATA[   and o.fromdate <= #{fromdateto}]]>
       </if> 
       <if test="todate!=null and todate!=''">
              and  o.todate >= #{todate}
       </if> 
       <if test="todateto!=null and todateto!=''">
              <![CDATA[ and  o.todate <= #{todateto}]]>
       </if> 
       <if test="predate!=null and predate!=''">
               and to_char(t.addtime,'yyyy-MM-dd') >= #{predate}
       </if> 
       <if test="predateto!=null and predateto!=''">
                <![CDATA[ and to_char(t.addtime,'yyyy-MM-dd') <= #{predateto}]]>
       </if> 
       <if test="operatename!=null and operatename!=''">
              and  u.name = #{operatename}
       </if> 
         order by t.addtime desc
         ) tt
<![CDATA[
      where ROWNUM <= (#{startIndex}+#{pageSize}))tt 
where RN>#{ startIndex}
 ]]>
     
  </select>
<select id="OrderListCount"  resultType="int" parameterType="hashmap">	
	 select count(*)
          from btsf_rentcar_sys_order t
           left join btsf_rentcar_sys_orderinfo o on t.id = o.order_id
            left join btsf_phone_users p on t.userid=p.userid
             left join btsf_sys_psn_user u on t.operatoruserid=u.id
         where 1=1 and o.id is not null
         <if test="lcdorderno!=null and lcdorderno!=''">
              and t.lcdorderno like ${lcdorderno}
       </if>  
       <if test="source!=null and source!=''">
              and t.channeltype = #{source}
       </if>  
       <if test="memberId!=null and memberId!=''">
              and t.userid = #{memberId}
       </if>  
       <if test="orderNo!=null and orderNo!=''">
              and t.orderNo = #{orderNo}
       </if>  
       <if test="orderStatus!=null and orderStatus!=''">
              and o.orderStatus = #{orderStatus}
       </if>  
       <if test="userName!=null and userName!=''">
              and o.userName like '%${userName}%'
       </if>  
       <if test="phoneno!=null and phoneno!=''">
              and o.phoneno = #{phoneno}
       </if>  
       <if test="idcard!=null and idcard!=''">
              and o.idcardnumber = #{idcard}
       </if>   
       <if test="carType!=null and carType!=''">
              and o.carType like '%${carType}%'
       </if> 
       <if test="fromdate!=null and fromdate!=''">
              and o.fromdate >= #{fromdate}
       </if> 
       <if test="fromdateto!=null and fromdateto!=''">
           <![CDATA[   and o.fromdate <= #{fromdateto}]]>
       </if> 
       <if test="todate!=null and todate!=''">
              and  o.todate >= #{todate}
       </if> 
       <if test="todateto!=null and todateto!=''">
              <![CDATA[ and  o.todate <= #{todateto}]]>
       </if> 
       <if test="predate!=null and predate!=''">
               and to_char(t.addtime,'yyyy-MM-dd') >= #{predate}
       </if> 
       <if test="predateto!=null and predateto!=''">
                <![CDATA[ and to_char(t.addtime,'yyyy-MM-dd') <= #{predateto}]]>
       </if> 
       <if test="operatename!=null and operatename!=''">
              and  u.name = #{operatename}
       </if> 
         order by t.addtime desc
  </select>
<update id="updateCarRemark" parameterType="cn.itkt.btsf.rentcar.po.RentCarOrderPO" >
   update btsf_rentcar_sys_order t
      set t.comments = #{comments},t.updatetime=to_date('${updateTime}','yyyy-MM-dd hh24:mi') ,t.operatoruserid=#{operator}
   where t.id = #{id}
</update>
<update id="cancelOrder" parameterType="cn.itkt.btsf.rentcar.po.RentCarOrderPO" >
   update btsf_rentcar_sys_order t
      set t.canceltime=to_date('${cancelTime}','yyyy-MM-dd hh24:mi') ,t.cancelorderid=#{cancelOrderId}
   where t.id = #{id}
</update>
<update id="updateDailyPrice" parameterType="cn.itkt.btsf.rentcar.po.RentCarOrderPO" >
   update  btsf_rentcar_sys_order t
        set t.dailyprice=#{dailyPrice}
             where t.lcdorderno=#{lcdOrderNo}
</update>
  <select id="findStorebyCode" resultType="hashMap" parameterType="string" >
    select t.fromtime,t.totime,t.address,t.telephone
    from btsf_rentcar_dis_store t
     where t.storecode =#{storeCode}
  </select>
  <select id="SearchOrderById" parameterType="hashmap" resultType="hashmap">
  	select t.*,
       tt.id as OID,
       tt.TOTALCARRENTMONEY,
       tt.TOTALORDERPRICE,
       tt.ORDERTYPE,
       tt.ORDERSTATUS,
       tt.FROMSTORE,
       tt.TOSTORE,
       tt.FROMSTOREWORKTIME,
       tt.CARTYPE,
       tt.CARNAME,
       tt.ORDER_ID,
       tt.FORGIFT,
       tt.INSURANCEFEE,
       tt.SERVICEFEE,
       tt.ORDERNO,
       tt.ADDTIME,
       tt.FROMDATE,
       tt.TODATE,
       FLOOR(tt.LCD) as LCD,
       tt.totalcarrentmoney+tt.insurancefee as LCDMONEY,
       tt.USERNAME,
       tt.IDCARDNUMBER,
       tt.UPDATETIME,
       tt.PHONENO,
       tt.FROMCITY,
       tt.TOCITY,
       tt.usercardtype,
       tt.LCDFLAG,
       tt.is_change,
       tt.settle_return_money,
       tt.adjust_lcd,
       u.name oname,
       b.name bname,
       c.name cname,
       p.telephone pcall,
       p.name pname
  from btsf_rentcar_sys_order t
  left join btsf_rentcar_sys_orderinfo tt on t.id = tt.order_id
  left join btsf_sys_psn_user u on t.addorderuserid = u.id
   left join btsf_sys_psn_user b on t.operatoruserid = b.id
    left join btsf_sys_psn_user c on t.cancelorderid = c.id
    left join btsf_phone_users p on t.userid=p.userid
   where t.lcdorderno = #{lcdorderNo}
  </select>
  <select id="SearchOrderServiceById" parameterType="hashmap" resultType="hashmap">
  	select * from btsf_rentcar_sys_service t 
  	where t.orderinfo_id = #{orderinfoId} and t.servicename is not null
  	order by t.totalprice 
  </select>
  <select id="searchServiceExt"  resultType="hashmap" parameterType="hashmap">
  	select * from btsf_rentcar_service_ext t
  	<if test="v!=null and v!=''">
  	    where t.is_checked=${v}
  	</if>
  </select>
  <update id="updateServiceExt" parameterType="cn.itkt.btsf.rentcar.po.RentCarServiceExtPO" >
   UPDATE btsf_rentcar_service_ext t
        SET t.is_checked = ${isChecked}
   where t.id = ${id}
</update>
<select id="searchSZService"  resultType="hashmap">
  	select t.servicename, t.servicecode
     from btsf_rentcar_sys_service t
     group by t.servicename, t.servicecode
    order by t.servicecode desc
  </select>
  <select id="searchActivty"  resultType="hashmap" parameterType="hashmap">

   select *
      from (select 
       nvl(sum(per),0) per, 
       nvl(sum(immovable),0) immovable
          from (select a.*,
                       decode(w.calculate_way, '01', w.calculate_value) per,
                       decode(w.calculate_way, '02', w.calculate_value) immovable,
                       w.calculate_way
                  from btsf_sys_activity a
                  left join btsf_sys_activity_priority ap
                    on a.id = ap.activity_id
                  left join btsf_sys_activity_way w
                    on a.id = w.activity_id and w.activity_way='01'
                 where a.activity_status = '01'
                   <![CDATA[  AND to_char(A.activity_startdate,'yyyy-MM-dd')<=to_char(sysdate,'yyyy-MM-dd') ]]>
                   AND to_char(A.activity_enddate,'yyyy-MM-dd')>=to_char(sysdate,'yyyy-MM-dd')
                   and a.activity_type = 5
                   and nvl(ap.activity_priority, 0) =
                       nvl((select max(activity_priority)
                             from btsf_sys_activity_priority oap
                            where oap.agroup_id = ap.agroup_id
                            group by oap.agroup_id),
                           0))) calculate
  </select>
  <select id="findOrderbyNo" resultType="hashMap" parameterType="string" >
    select 
       t.id orderId,
       o.id,
       t.userid,
       t.orderno,
       t.lcdorderno,
       o.username,
       o.cartype,
       o.carname,
      to_char(t.addtime,'yyyy-MM-dd HH24:mi')   addtime,
      o.fromdate,
      o.todate,
       o.orderstatus,
       o.totalcarrentmoney,   
       o.insurancefee,
       o.is_change,
       o.servicefee,
       o.return_money,
       o.settle_return_money,
       o.return_lcd_money,
       o.lcdrate,
       o.lcdvlaue
  from btsf_rentcar_sys_order t
  left join btsf_rentcar_sys_orderinfo o on t.id = o.order_id
 where t.orderno = #{orderNo}
  </select>
  <insert id="create" parameterType="cn.itkt.btsf.rentcar.po.RentCarChangePO" >
	 	<selectKey keyProperty="id" resultType="long" order="BEFORE">
		 select  S_BTSF_RENTCAR_SYS_ORDERCHANGE.nextval from dual
	    </selectKey>
	 	
    insert into btsf_rentcar_sys_orderchange (ID,ORDER_INFO_ID,ORDERNO,CAR_TYPE,TO_DATE,ADD_TIME,ORDER_MONEY,ADD_USER_ID)
    values (
			    #{ id, javaType=long, jdbcType=NUMERIC},
				#{ orderInfoId, javaType=long, jdbcType=NUMERIC},
				#{ orderNo, javaType=String, jdbcType=VARCHAR},
				#{ carType, javaType=String, jdbcType=VARCHAR},
				#{ toDate, javaType=String, jdbcType=VARCHAR},
				#{ addTime, javaType=Date, jdbcType=TIMESTAMP},
				#{ orderMoney, javaType=String, jdbcType=VARCHAR},
				#{ addUserId, javaType=long, jdbcType=NUMERIC}
	    )
  </insert>
  <select id="findOrderChange"  resultType="hashmap" parameterType="cn.itkt.btsf.rentcar.po.RentCarChangePO">
  	select * from btsf_rentcar_sys_orderchange t 
              where  t.is_update!=1 
                and  t.add_user_id = ${addUserId}
  </select>
  <select id="findChangeByOrderinfoId"  resultType="hashmap" parameterType="cn.itkt.btsf.rentcar.po.RentCarChangePO">
  	select t.*,u.name from btsf_rentcar_sys_orderchange t 
              left join btsf_sys_psn_user u on t.add_user_id=u.id
              where  t.order_info_id=#{orderInfoId} and t.is_update=${isUpdate}
              order by t.add_time desc
  </select>
  <update id="updateChange" parameterType="cn.itkt.btsf.rentcar.po.RentCarChangePO" >
       update btsf_rentcar_sys_orderchange t set t.add_time=#{addTime,javaType=Date, jdbcType=TIMESTAMP} ,t.is_update=1,
        t.car_type=#{carType} ,  t.to_date=#{toDate}
               where t.is_update!=1 
                and t.id=${id}
                and t.add_user_id =${addUserId}
</update>
<update id="updateCarOrder" parameterType="cn.itkt.btsf.rentcar.po.RentCarChangePO" >
   update  btsf_rentcar_sys_orderinfo t set 
   <if test="orderOldMoney!=null and orderOldMoney!=''">
   t.return_money=#{orderOldMoney},t.return_lcd_money=#{orderLcdMoney}
   </if>
   <if test="orderOldMoney==null or orderOldMoney==''">
                                            t.is_change=1, t.adjust_lcd=#{adjust_lcd}, 
                                             t.settle_return_money=
            (select tt.order_money from btsf_rentcar_sys_orderchange  tt  where tt.order_info_id=t.id and tt.id=#{id}),
                                             t.cartype=
            (select tt.car_type from btsf_rentcar_sys_orderchange  tt  where tt.order_info_id=t.id and tt.id=#{id}),
                                              t.todate=
            (select tt.to_date from btsf_rentcar_sys_orderchange  tt  where tt.order_info_id=t.id and tt.id=#{id})
   </if>  
   where t.id=#{orderInfoId}
</update>
<update id="updateCoin" parameterType="cn.itkt.btsf.phone.users.po.PhoneCoinPO" >
      update  btsf_phone_coin t set 
      t.lcdcoin=t.lcdcoin+${lcdcoin}
       where t.userid=#{userid}
</update>
 <delete id="deleteByOrderId" parameterType="Long" >
    delete btsf_rentcar_sys_orderchange t 
     where t.order_info_id =#{orderInfoId}
  </delete>
   <select id="selectOpeNameById"  resultType="String" parameterType="String">
  	SELECT ID FROM BTSF_SYS_PSN_USER T WHERE T.NAME=#{name}
  </select>
   <select id="selectOpeName"  resultType="String" parameterType="String">
  	SELECT NAME FROM BTSF_SYS_PSN_USER T WHERE T.id=#{id}
  </select>
</mapper>