<?xml version="1.0" encoding="UTF-8" ?>
<!DOCTYPE mapper PUBLIC "-//ibatis.apache.org//DTD Mapper 3.0//EN" 
"http://ibatis.apache.org/dtd/ibatis-3-mapper.dtd">
<mapper namespace="cn.itkt.btsf.callcenter.refundment.dao.RefundmentDao">

	<resultMap id="BaseResultMap" type="cn.itkt.btsf.callcenter.refundment.po.RefundmentPO">
		<result column="ID" property="id" />
		<result column="REQUISITION_CODE" property="requisitionCode" />
		<result column="REFUND_WAY" property="refundWay" />
		<result column="TRX_COUNT" property="trxCount" />
		<result column="TOTAL_AMOUNT" property="totalAmount" />
		<result column="REFUND_AMOUNT" property="refundAmount" />
		<result column="PROPOSER_ID" property="proposerId" />
		<result column="PROPOSER_NAME" property="proposerName" />
		<result column="PROPOSER_DATE" property="proposerDate" />
		<result column="STATUS" property="status" />
		<result column="MARK_DATE" property="markDate" />
		<result column="REMARKS" property="remarks" />
	</resultMap>
	<resultMap
		type="cn.itkt.btsf.callcenter.refundment.vo.RefundmentConditionVO" id="QueryMap">
		<result column="ticket_no" property="ticketno" />
		<result column="proposer_name" property="proposerName" />
		<result column="approver" property="approver" />
		<result column="saletime" property="saletime" />
		<result column="receipt_mark_time" property="receiptMarkTime" />
		<result column="done_time" property="donetime" />
		<result column="passenger_name" property="passenger" />
		<result column="accountn" property="accountn" />
		<result column="ticket_money" property="ticketMone" />
		<result column="rate" property="rate" />
		<result column="refund_cash" property="refundCash" />
		<result column="refund_coin" property="refundCoin" />
		<result column="receipt_return_type" property="receiptReturnType" />
		<result column="Receipt_Mark_Staff" property="receiptMarkStaff" />
		<result column="Receipt_Code" property="receiptCode" />
		<result column="refund_way" property="refundWay" />
	</resultMap>
	<resultMap type="cn.itkt.btsf.callcenter.refundment.vo.WasteAndRefundReport" id="detailMap">
		<result column="saleoffice" property="saleoffice" />
		<result column="saletype" property="saletype" />
		<result column="atm_id" property="atmId" />
		<result column="passenger_type" property="passengerType" />
		<result column="ticket_no" property="ticketNo" />
		<result column="passenger_name" property="passengerName" />
		<result column="Requisition_Code" property="receiptCode" />
		<result column="saletime" property="saletime" />
		<result column="Proposer_Date" property="proposerDate" />
		<result column="takeofftime" property="takeofftime" />
		<result column="airways" property="airWays" />
		<result column="Airteamnum" property="Airteamnum" />
		<result column="Cabin_Level" property="cabinLevel" />
		<result column="Takeofflocusname" property="takeofflocusname" />
		<result column="arrivelocusname" property="arrivelocusname" />
		<result column="Ticket_Price" property="ticketPrice" />
		<result column="Drometax" property="drometax" />
		<result column="Fueltax" property="fueltax" />
		<result column="Ticket_Total_Amount" property="ticketTotalAmount" />
		<result column="acountIns" property="acountIns" />
		<result column="price" property="price" />
		<result column="deduct_cash" property="deductCash" />
		<result column="deduct_coin" property="deductCoin" />
		<result column="pay_type" property="payType" />
		<result column="Paid_Amount" property="PaidAmount" />
		<result column="REFUND_COIN" property="refundCoin" />
		<result column="fee" property="fee" />
		<result column="refund_way" property="refundWay" />
		<result column="Except_Fee" property="exceptFee" />
		<result column="Bankcard_Number" property="bankcardNumber" />
		<result column="order_no" property="orderNo" />
		<result column="remark" property="remark" />
		<result column="Returnlcdfeeratio" property="returnlcdfeeratio" />
		<result column="Proposer_Type" property="proposerType"/>
		<result column="Refund_Voluntary" property="refundVoluntary"/>
	</resultMap>
	<resultMap type="cn.itkt.btsf.callcenter.refundment.vo.RefundMentApplyVO" id="refundReq">
	<result column="id" property="id"/>
	<result column="REQUISITION_CODE" property="requisitionCode"/>
	<result column="refund_way" property="refundWay"/>
    <result column="trx_count" property="trxCount"/>
	<result column="total_amount" property="totalAmount"/>
	<result column="refund_amount" property="refundAmount"/>
	<result column="proposer_name" property="proposerName"/>
	<result column="proposer_date" property="proposerDate"/>
	<result column="remarks" property="remarks"/>
	<result column="status" property="status"/>
	</resultMap>
	<select id="find" resultMap="BaseResultMap" parameterType="String">
		select
		ID,REQUISITION_CODE,REFUND_WAY,TRX_COUNT,TOTAL_AMOUNT,REFUND_AMOUNT,PROPOSER_ID,PROPOSER_NAME,PROPOSER_DATE,STATUS,MARK_DATE,REMARKS
		from BTSF_SYS_REFUND_APPLY_REQ
		where
  </select>

	<select id="findAll" resultMap="BaseResultMap">
		select
		ID,REQUISITION_CODE,REFUND_WAY,TRX_COUNT,TOTAL_AMOUNT,REFUND_AMOUNT,PROPOSER_ID,PROPOSER_NAME,PROPOSER_DATE,STATUS,MARK_DATE,REMARKS
		from BTSF_SYS_REFUND_APPLY_REQ
  </select>
	<delete id="delete" parameterType="String">
		delete from BTSF_SYS_REFUND_APPLY_REQ
		where 
  </delete>

	<insert id="create" parameterType="cn.itkt.btsf.callcenter.refundment.po.RefundmentPO">
		insert into BTSF_SYS_REFUND_APPLY_REQ
		(ID,REQUISITION_CODE,REFUND_WAY,TRX_COUNT,TOTAL_AMOUNT,REFUND_AMOUNT,PROPOSER_ID,PROPOSER_NAME,PROPOSER_DATE,STATUS,MARK_DATE,REMARKS)
		values (
		#{ id, javaType=double, jdbcType=NUMERIC},
		#{ requisitionCode, javaType=String, jdbcType=VARCHAR},
		#{ refundWay, javaType=String, jdbcType=VARCHAR},
		#{ trxCount, javaType=double, jdbcType=NUMERIC},
		#{ totalAmount, javaType=double, jdbcType=NUMERIC},
		#{ refundAmount, javaType=double, jdbcType=NUMERIC},
		#{ proposerId, javaType=double, jdbcType=NUMERIC},
		#{ proposerName, javaType=String, jdbcType=VARCHAR},
		#{ proposerDate, javaType=Date, jdbcType=TIMESTAMP},
		#{ status, javaType=String, jdbcType=VARCHAR},
		#{ markDate, javaType=Date, jdbcType=TIMESTAMP},
		#{ remarks, javaType=String, jdbcType=VARCHAR}
		)
  </insert>

	<update id="update" parameterType="cn.itkt.btsf.callcenter.refundment.po.RefundmentPO">
		update BTSF_SYS_REFUND_APPLY_REQ
		set
		ID = #{ id, javaType=double, jdbcType=NUMERIC},
		REQUISITION_CODE = #{ requisitionCode, javaType=String, jdbcType=VARCHAR},
		REFUND_WAY =
		#{ refundWay, javaType=String, jdbcType=VARCHAR},
		TRX_COUNT = #{
		trxCount, javaType=double, jdbcType=NUMERIC},
		TOTAL_AMOUNT = #{
		totalAmount, javaType=double, jdbcType=NUMERIC},
		REFUND_AMOUNT = #{
		refundAmount, javaType=double, jdbcType=NUMERIC},
		PROPOSER_ID = #{
		proposerId, javaType=double, jdbcType=NUMERIC},
		PROPOSER_NAME = #{
		proposerName, javaType=String, jdbcType=VARCHAR},
		PROPOSER_DATE = #{
		proposerDate, javaType=Date, jdbcType=TIMESTAMP},
		STATUS = #{ status,
		javaType=String, jdbcType=VARCHAR},
		MARK_DATE = #{ markDate,
		javaType=Date, jdbcType=TIMESTAMP},
		REMARKS = #{ remarks,
		javaType=String, jdbcType=VARCHAR}
		<where>
			<if test="requisitionCode !=null and requisitionCode !=''">
				REQUISITION_CODE = #{requisitionCode}
      </if>
		</where>
	</update>
	<!--codegen -->
	<select id="fundRefundment" resultMap="QueryMap" parameterType="cn.itkt.btsf.callcenter.refundment.vo.RefundmentConditionVO">
		select * from
		(select
		T1.*,ROWNUM RN
		from
		( select
		c.ticket_no,a.proposer_name,b.approver,
		c.saletime,b.receipt_mark_time,d.done_time,
		c.passenger_name,d.accountn,a.refund_way,
		b.ticket_money,b.rate,b.refund_cash,b.refund_coin,
		b.receipt_return_type,b.Receipt_Mark_Staff,b.Receipt_Code
		from BTSF_SYS_REFUND_APPLY_REQ a left join BTSF_SYS_TICKET_REFUND b on
		a.requisition_code = b.requisition_code
		left join BTSF_SYS_TICKET_INFO c on b.ticket_no=c.ticket_no
		left join BTSF_CC_TKT_INT_REFUNDINFO d on c.ticket_no = d.ticket_no
		<where>
			<if test="ticketno !=null and ticketno !='' ">
				and c.ticket_no = #{ticketno}
     </if>
			<if test="proposerName !=null and proposerName !='' ">
				and a.proposer_name = #{proposerName}
     </if>
			<if test="approver !=null and approver !='' ">
				and b.approver = #{approver}
     </if>
			<if test="startSaletime !=null and startSaletime !='' ">
				and c.saletime &gt;= to_date(#{startSaletime},'yyyy-mm-dd')
     </if>
			<if test="endSaletime !=null and endSaletime !='' ">
				and c.saletime &lt;= to_date(#{endSaletime},'yyyy-mm-dd')
     </if>
			<if test="startreceiptMarkTime !=null and startreceiptMarkTime !='' ">
				and b.receipt_mark_time &gt;=
				to_date(#{startreceiptMarkTime},'yyyy-mm-dd')
     </if>
			<if test="endreceiptMarkTime !=null and endreceiptMarkTime !=''">
				and b.receipt_mark_time &lt;=
				to_date(#{endreceiptMarkTime},'yyyy-mm-dd')
     </if>
			<if test="passenger !=null and passenger !='' ">
				and c.passenger_name = #{passenger}
     </if>
			<if test="accountn !=null and accountn !='' ">
				and d.accountn = #{accountn}
     </if>
			<if test="startdonetime !=null and startdonetime !='' ">
				and d.done_time &gt;= to_date(#{startdonetime},'yyyy-mm-dd')
     </if>
			<if test="enddonetime !=null and enddonetime !='' ">
				and d.done_time &lt;= to_date(#{enddonetime},'yyyy-mm-dd')
     </if>
			<if test="refundWay !=null and refundWay !='' ">
				and a.refund_way = #{refundWay}
     </if>
		</where>
		order by
		c.ticket_no desc
		) T1 
					<![CDATA[ where ROWNUM <= (#{startIndex} + #{pageSize})]]>
		) T2 where RN>#{startIndex}

	</select>
	<select id="count" resultType="int" parameterType="cn.itkt.btsf.callcenter.refundment.vo.RefundmentConditionVO">
		select count(*) from BTSF_SYS_REFUND_APPLY_REQ a
		left join BTSF_SYS_TICKET_REFUND b on a.requisition_code =
		b.requisition_code
		left join BTSF_SYS_TICKET_INFO c on b.ticket_no=c.ticket_no
		left join BTSF_CC_TKT_INT_REFUNDINFO d on c.ticket_no = d.ticket_no
		<where>
			<if test="ticketno !=null and ticketno !='' ">
				and c.ticket_no = #{ticketno}
     </if>
			<if test="proposerName !=null and proposerName !='' ">
				and a.proposer_name = #{proposerName}
     </if>
			<if test="approver !=null and approver !='' ">
				and b.approver = #{approver}
     </if>
			<if test="startSaletime !=null and startSaletime !='' ">
				and c.saletime &gt;= to_date(#{startSaletime},'yyyy-mm-dd')
     </if>
			<if test="endSaletime !=null and endSaletime !='' ">
				and c.saletime &lt;= to_date(#{endSaletime},'yyyy-mm-dd')
     </if>
			<if test="startreceiptMarkTime !=null and startreceiptMarkTime !='' ">
				and b.receipt_mark_time &gt;=
				to_date(#{startreceiptMarkTime},'yyyy-mm-dd')
     </if>
			<if test="endreceiptMarkTime !=null and endreceiptMarkTime !=''">
				and b.receipt_mark_time &lt;=
				to_date(#{endreceiptMarkTime},'yyyy-mm-dd')
     </if>
			<if test="passenger !=null and passenger !='' ">
				and c.passenger_name = #{passenger}
     </if>
			<if test="accountn !=null and accountn !='' ">
				and d.accountn = #{accountn}
     </if>
			<if test="startdonetime !=null and startdonetime !='' ">
				and d.done_time &gt;= to_date(#{startdonetime},'yyyy-mm-dd')
     </if>
			<if test="enddonetime !=null and enddonetime !='' ">
				and d.done_time &lt;= to_date(#{enddonetime},'yyyy-mm-dd')
     </if>
			<if test="refundWay !=null and refundWay !='' ">
				and a.refund_way = #{refundWay}
     </if>
		</where>
	</select>
	<select id="queryCreateRefund" resultMap="QueryMap"
		parameterType="HashMap">
		select c.ticket_no,a.proposer_name,b.approver,
		c.saletime,b.receipt_mark_time,d.done_time,
		c.passenger_name,d.accountn,a.refund_way,
		b.ticket_money,b.rate,b.refund_cash,b.refund_coin,
		b.receipt_return_type,b.Receipt_Mark_Staff,b.Receipt_Code
		from
		BTSF_SYS_REFUND_APPLY_REQ a left join BTSF_SYS_TICKET_REFUND b on a.requisition_code =
		b.requisition_code
		left join BTSF_SYS_TICKET_INFO c on b.ticket_no=c.ticket_no
		left join BTSF_CC_TKT_INT_REFUNDINFO d on c.ticket_no = d.ticket_no
		<where>
			<if test="ticketNoList !=null and ticketNoList !='' ">
				and c.ticket_no in #{ticketNoList}
    </if>
			<if test="clickAllValues !=null and clickAllValues !='' ">
				and a.refund_way = #{clickAllValues}
    </if>
		</where>
	</select>
	<insert id="insertRefund"
		parameterType="cn.itkt.btsf.callcenter.refundment.vo.RefundMentApplyVO">
		insert into BTSF_SYS_REFUND_APPLY_REQ
		(ID,REQUISITION_CODE,REFUND_WAY,TRX_COUNT,TOTAL_AMOUNT,
		REFUND_AMOUNT,PROPOSER_ID,PROPOSER_NAME,PROPOSER_DATE,STATUS,MARK_DATE,REMARKS)
		values(
		#{ id, javaType=double, jdbcType=NUMERIC},
		#{ requisitionCode, javaType=String, jdbcType=VARCHAR},
		#{ proposerId, javaType=int, jdbcType=VARCHAR},
		#{ proposerName, javaType=String, jdbcType=VARCHAR},
		#{ proposerDate, javaType=Date, jdbcType=TIMESTAMP},
		#{ refundWay, javaType=String, jdbcType=VARCHAR},
		#{ trxCount, javaType=int, jdbcType=VARCHAR},
		#{ totalAmount, javaType=double, jdbcType=NUMERIC},
		#{ refundAmount, javaType=double, jdbcType=NUMERIC},
		#{ status, javaType=String, jdbcType=VARCHAR},
		#{ remarks, javaType=String, jdbcType=VARCHAR},
		#{ markDate, javaType=Date, jdbcType=TIMESTAMP},
		)
</insert>
	<select id="queryRefundment" resultMap="refundReq"
		parameterType="cn.itkt.btsf.callcenter.refundment.vo.RefundMentApplyVO">
		select * from(select T1.*,ROWNUM RN from(
		select
		t.REQUISITION_CODE,t.refund_way,t.trx_count,t.total_amount,t.refund_amount,t.proposer_name,t.proposer_date,t.status,t.remarks
		from BTSF_SYS_REFUND_APPLY_REQ t left join BTSF_SYS_TICKET_REFUND b on
		t.requisition_code = b.requisition_code
		<where>
			<if test="requisitionCode !=null and requisitionCode !='' "> and t.REQUISITION_CODE = #{requisitionCode}</if>
			<if test="refundWay !=null and refundWay !='' "> and t.REFUND_WAY =#{refundWay} </if>
			<if test="startDate != null and startDate !='' "> and t.PROPOSER_DATE &gt; to_date(#{tstartDate},'yyyy-mm-dd') </if>
			<if test="endDate !=null and endDate !='' "> and t.PROPOSER_DATE &lt; to_date(#{endDate},'yyyy-mm-dd') </if>
			<if test="status !=null and status !='' "> and t.STATUS = #{status}</if>
			<if test="tstartDate !=null and tstartDate !=''">and t.MARK_DATE &gt; to_date(#{tstartDate},'yyyy-mm-dd')</if>
			<if test="tendDate !=null and tendDate!=''"> and t.MARK_DATE &lt; to_date(#{tendDate},'yyyy-mm-dd') </if>
			<if test="doneStartDate !=null and doneStartDate !=''">	and b.PROPOSER_DATE &gt; to_date(#{doneStartDate},'yyyy-mm-dd') </if>
			<if test="doneEndDate !=null and doneEndDate !='' "> and b.PROPOSER_DATE &lt; to_date(#{doneEndDate},'yyyy-mm-dd') </if>
		</where>
		order by t.ID
		) T1 
	<![CDATA[ where ROWNUM <= (#{startIndex} + #{pageSize})]]>
		) T2 where RN>#{startIndex}
	</select>
	<select id="countRefundment" resultType="int"
		parameterType="cn.itkt.btsf.callcenter.refundment.vo.RefundMentApplyVO">
		select count(*) from BTSF_SYS_REFUND_APPLY_REQ t left join
		BTSF_SYS_TICKET_REFUND b on t.requisition_code = b.requisition_code
		<where>
			<if test="requisitionCode !=null and requisitionCode !='' ">
				and t.REQUISITION_CODE = #{requisitionCode}
  </if>
			<if test="refundWay !=null and refundWay !='' ">
				and t.REFUND_WAY =#{refundWay}
  </if>
			<if test="startDate != null and startDate !='' ">
				and t.PROPOSER_DATE &gt; to_date(#{tstartDate},'yyyy-mm-dd')
  </if>
			<if test="endDate !=null and endDate !='' ">
				and t.PROPOSER_DATE &lt; to_date(#{endDate},'yyyy-mm-dd')
  </if>
			<if test="status !=null and status !='' ">
				and t.STATUS = #{status}
  </if>
			<if test="tstartDate !=null and tstartDate !=''">
				and t.MARK_DATE &gt; to_date(#{tstartDate},'yyyy-mm-dd')
  </if>
			<if test="tendDate !=null and tendDate!=''">
				and t.MARK_DATE &lt; to_date(#{tendDate},'yyyy-mm-dd')
  </if>
			<if test="doneStartDate !=null and doneStartDate !=''">
				and b.PROPOSER_DATE &gt; to_date(#{doneStartDate},'yyyy-mm-dd')
  </if>
			<if test="doneEndDate !=null and doneEndDate !='' ">
				and b.PROPOSER_DATE &lt; to_date(#{doneEndDate},'yyyy-mm-dd')
  </if>
		</where>
	</select>
	<select id="findDetail" parameterMap="HashMap" resultType="cn.itkt.btsf.callcenter.refundment.vo.RefundMentFindDetilVO">
		select t.REQUISITION_CODE,t.refund_way,
		t.trx_count,t.total_amount,t.refund_amount,t.proposer_name,
		t.proposer_date,t.status,t.remarks,
		b.passenger,b.ticket_no,c.order_no,e.accountn,t.refund_way,b.ticket_money,b.insurance,b.rate,b.fee,b.refund_cash,b.refund_coin,b.approver,
		b.done_time,k.saletime
		from BTSF_SYS_REFUND_APPLY_REQ t left join BTSF_SYS_TICKET_REFUND b on
		t.requisition_code = b.requisition_code
		left join BTSF_SYS_ORDER_INFO c on b.order_id = c.id
		left join BTSF_CC_TKT_INT_REFUNDINFO e on b.ticket_no = e.ticket_no
		left join BTSF_SYS_TICKET_INFO k on e.ticket_no = k.ticket_no
		<where>
			<if test="requisitionCode !=null and requisitionCode !='' ">
				and t.REQUISITION_CODE = #{requisitionCode}
      </if>
		</where>
	</select>
	<select id="refundMaxId" resultType="int">
		select max(id) from BTSF_SYS_REFUND_APPLY_REQ 
</select>
	<update id="upRefundReqid" parameterType="HashMap">
		update BTSF_SYS_TICKET_REFUND set
		REFUND_REQ_ID = #{ refundReqId, javaType=double, jdbcType=NUMERIC},
		REFUNDSTATUS = #{refundStatus, javaType=String, jdbcType=VARCHAR}
		<where>
			<if test="requisitionCode !=null and requisitionCode !='' ">
				REQUISITION_CODE = #{requisitionCode}
     </if>
		</where>
	</update>
	<delete id="delApplayReq" parameterType="HashMap">
		delete from BTSF_SYS_REFUND_APPLY_REQ
		<where>
			<if test="requisitionCode !=null and requisitionCode !=''">
				REQUISITION_CODE = #{requisitionCode}
            </if>
		</where>
	</delete>
	<select id="findWasteAndRefund" resultMap="detailMap" parameterType="HashMap">
		select * from(
		select T1.*,ROWNUM RN from(
		SELECT
		c.saleoffice,c.saletype,c.atm_id,e.passenger_type,c.ticket_no,c.passenger_name,c.saletime,
		b.Proposer_Date,c.takeofftime,c.airways,c.Airteamnum,c.Cabin_Level,c.Takeofflocusname,
		c.arrivelocusname,c.Ticket_Price,c.Drometax,c.Fueltax,
		c.Ticket_Total_Amount,nvl((select count(*)from BTSF_SYS_INS_INFO where
		TICKET_NO = c.ticket_no),0)acountIns,m.price,
		b.deduct_cash,b.deduct_coin,
		d.pay_type,d.order_no,b.remark,
		c.Paid_Amount,b.REFUND_COIN,b.fee,b.refund_way,q.Except_Fee,b.Bankcard_Number,b.Requisition_Code
		FROM BTSF_SYS_REFUND_APPLY_req a left join BTSF_SYS_TICKET_REFUND b on
		a.requisition_code=b.requisition_code
		left join BTSF_SYS_TICKET_INFO c on c.ticket_no = b.ticket_no
		left join BTSF_SYS_ORDER_INFO d on d.id = c.order_id
		left join BTSF_ORDER_TMP_PNR e on c.pnr_id = e.pnr_id
		left join BTSF_SYS_INS_INFO m on m.ticket_no = c.ticket_no
		left join BTSF_CC_TKT_REQ q on q.id = b.refund_req_id
		<where>
			<if test="requisitionCode !=null and requisitionCode !='' ">
				b.Requisition_Code = ${requisitionCode}
            </if>
            <if test="">
            
            </if>
		</where>
		order by
		a.ticket_no desc
		) T1 
					<![CDATA[ where ROWNUM <= (#{startIndex} + #{pageSize})]]>
		) T2 where RN>#{startIndex}
	</select>
	<select id="getOfficeName" resultType="String">
		select distinct
		t.office_code from BTSF_BIS_OFFICE_INFO t
	</select>
</mapper>