<?xml version="1.0" encoding="UTF-8" ?>
<!DOCTYPE mapper PUBLIC "-//ibatis.apache.org//DTD Mapper 3.0//EN" 
"http://ibatis.apache.org/dtd/ibatis-3-mapper.dtd">
<mapper namespace="cn.itkt.btsf.phone.users.dao.PhoneAirportShuttleDao" >
	
  <resultMap id="BaseResultMap" type="cn.itkt.btsf.phone.users.po.PhoneAirportShuttlePO" >
	<result column="ID" property="id" />
	<result column="NAME" property="name" />
  </resultMap>
  
  <select id="find" resultMap="BaseResultMap" parameterType="String" >
    select ID,NAME
    from BTSF_PHONE_AIRPORTSHUTTLE
    where
			ID = #{ id}
	  </select>
  
  <select id="findAll" resultMap="BaseResultMap" >
    select ID,AIRPORT_NAME NAME
    from BTSF_BIS_AIRPORT  order by NLSSORT(AIRPORT_NAME,'NLS_SORT=SCHINESE_PINYIN_M')
  </select>

  
  
  
  <delete id="delete" parameterType="String" >
    delete from BTSF_PHONE_AIRPORTSHUTTLE
    where 
			ID = #{ id}
	  </delete>
	  
	  <select id="getSeqId" resultType="long">
  	select S_BTSF_PHONE_AIRPORTSHUTTLE.nextval from dual
   </select>
  
  <insert id="create" parameterType="cn.itkt.btsf.phone.users.po.PhoneAirportShuttlePO" >
	
	 	
    insert into BTSF_PHONE_AIRPORTSHUTTLE (ID,NAME)
    values (
			#{ id, javaType=long, jdbcType=NUMERIC},
				#{ name, javaType=String, jdbcType=VARCHAR}
	    )
  </insert>

  <update id="update" parameterType="cn.itkt.btsf.phone.users.po.PhoneAirportShuttlePO" >
    update BTSF_PHONE_AIRPORTSHUTTLE
    set
			NAME = #{ name, javaType=String, jdbcType=VARCHAR}
	    where 
			ID = #{ id}
	  </update>

<!--codegen-->

</mapper>