<?xml version="1.0" encoding="UTF-8" ?>
<!DOCTYPE mapper PUBLIC "-//ibatis.apache.org//DTD Mapper 3.0//EN" 
"http://ibatis.apache.org/dtd/ibatis-3-mapper.dtd">
<mapper namespace="cn.itkt.btsf.phone.users.dao.PhoneOrderExtDao" >
	
  <resultMap id="BaseResultMap" type="cn.itkt.btsf.phone.users.po.PhoneOrderExtPO" >
	<result column="ID" property="id" />
	<result column="ORDERID" property="orderid" />
	<result column="ISACCEPTSEVICE" property="isacceptsevice" />
	<result column="COINSTATE" property="coinstate" />
	<result column="USERID" property="userid" />
	<result column="USERNAME" property="username" />
  </resultMap>
  
  <select id="find" resultMap="BaseResultMap" parameterType="String" >
    select ID,ORDERID,ISACCEPTSEVICE,COINSTATE,USERID,USERNAME
    from BTSF_PHONE_ORDER_EXT
    where
  </select>
  
  <select id="findByOrderId" resultMap="BaseResultMap" parameterType="Long" >
    select ID,ORDERID,ISACCEPTSEVICE,COINSTATE,USERID,USERNAME
    from BTSF_PHONE_ORDER_EXT
    where ORDERID = #{orderId}
  </select>
  <select id="findAll" resultMap="BaseResultMap" >
    select ID,ORDERID,ISACCEPTSEVICE,COINSTATE,USERID,USERNAME
    from BTSF_PHONE_ORDER_EXT
  </select>
  
  <delete id="delete" parameterType="String" >
    delete from BTSF_PHONE_ORDER_EXT
    where 
  </delete>
  
  <insert id="create" parameterType="cn.itkt.btsf.phone.users.po.PhoneOrderExtPO" >
	  	
    insert into BTSF_PHONE_ORDER_EXT (ID,ORDERID,ISACCEPTSEVICE,COINSTATE,USERID,USERNAME)
    values (
			S_BTSF_PHONE_ORDER_EXT.NEXTVAL,
				#{ orderid, javaType=long, jdbcType=NUMERIC},
				#{ isacceptsevice, javaType=String, jdbcType=VARCHAR},
				#{ coinstate, javaType=String, jdbcType=VARCHAR},
				#{ userid, javaType=long, jdbcType=NUMERIC},
				#{ username, javaType=String, jdbcType=VARCHAR}
	    )
  </insert>
  
  <update id="updateUserForOrder" parameterType="cn.itkt.btsf.phone.users.po.PhoneOrderExtPO" >
	UPDATE BTSF_PHONE_ORDER_EXT
	SET USERID = #{ userid, javaType=long, jdbcType=NUMERIC}
	<if test="username !=null and username !='' ">
		,USERNAME = #{ username, javaType=String, jdbcType=VARCHAR}
	</if>
	WHERE ORDERID = #{orderid, javaType=long, jdbcType=NUMERIC}
  </update>	
  
  <update id="update" parameterType="cn.itkt.btsf.phone.users.po.PhoneOrderExtPO" >
    update BTSF_PHONE_ORDER_EXT
    set
			ID = #{ id, javaType=long, jdbcType=NUMERIC},
				ORDERID = #{ orderid, javaType=long, jdbcType=NUMERIC},
				ISACCEPTSEVICE = #{ isacceptsevice, javaType=String, jdbcType=VARCHAR},
				COINSTATE = #{ coinstate, javaType=String, jdbcType=VARCHAR},
				USERID = #{ userid, javaType=long, jdbcType=NUMERIC},
				USERNAME = #{ username, javaType=String, jdbcType=VARCHAR}
	    where 
  </update>
 

</mapper>