<?xml version="1.0" encoding="UTF-8" ?>
<!DOCTYPE mapper PUBLIC "-//ibatis.apache.org//DTD Mapper 3.0//EN" 
"http://ibatis.apache.org/dtd/ibatis-3-mapper.dtd">
<mapper namespace="cn.itkt.btsf.phone.users.dao.PhoneCoinDetailsDao" >
	
  <resultMap id="BaseResultMap" type="cn.itkt.btsf.phone.users.po.PhoneCoinDetailsPO" >
	<result column="ID" property="id" />
	<result column="COINACCOUNTID" property="coinaccountid"/>
	<result column="PAYCOIN" property="paycoin"/>
	<result column="RECEIPTSCOIN" property="receiptscoin"/>
	<result column="EXCHANGETYPE" property="exchangetype"/>
	<result column="EXCHANGETIME" property="exchangetime"/>
	<result column="TICKET_ID" property="ticketId"/>
  </resultMap>
  
  <select id="find" resultMap="BaseResultMap" parameterType="String" >
    select ID,COINACCOUNTID,PAYCOIN,RECEIPTSCOIN,EXCHANGETYPE,EXCHANGETIME,TICKET_ID
    from BTSF_PHONE_COINDETAILS
    where
			ID = #{id}
	  </select>
	   
  <select id="findByUserId" resultMap="BaseResultMap" parameterType="map" >
	  <![CDATA[
	   select T2.ID,T2.COINACCOUNTID,T2.PAYCOIN,T2.RECEIPTSCOIN,T2.EXCHANGETYPE,T2.EXCHANGETIME,T2.TICKET_ID from(
	    select T1.ID,T1.COINACCOUNTID,T1.PAYCOIN,T1.RECEIPTSCOIN,T1.EXCHANGETYPE,T1.EXCHANGETIME,T1.TICKET_ID,ROWNUM AS RN
	    from(
			    select A.ID,A.COINACCOUNTID,A.PAYCOIN,A.RECEIPTSCOIN,A.EXCHANGETYPE,A.EXCHANGETIME,A.TICKET_ID from BTSF_PHONE_COINDETAILS A 
			    left join BTSF_PHONE_COIN B on A.COINACCOUNTID=B.id
			    where B.USERID = #{userid} order by A.EXCHANGETIME desc
		  ) T1  WHERE ROWNUM <=(#{startIndex} + #{pageSize}) )T2 WHERE RN > #{startIndex}
		  ]]>
	  </select>
<!-- 根据客票ID,用户id及交易状态:退票(05)判断某客票是否退过，解决多次退票多次返回畅达币的问题 -->
<select id="findByUserIdAndTicketId" parameterType="hashmap" resultMap="BaseResultMap" >
  select ID,COINACCOUNTID,PAYCOIN,RECEIPTSCOIN,EXCHANGETYPE,EXCHANGETIME,TICKET_ID
  from BTSF_PHONE_COINDETAILS
  where TICKET_ID = #{ticketId} 
  		and COINACCOUNTID = #{coinaccountid}
  		and EXCHANGETYPE in ('05','19')
</select>
	 <!--查询会员畅达币明细 -->  
<select id="findByUserId1" parameterType="hashmap" resultType="hashmap" >
SELECT * FROM (
	SELECT TA.*, ROWNUM RN  FROM (
	select *  from (
		select A.ORDER_ID orderId,nvl(A.RECEIPTSCOIN, 0)-nvl(A.PAYCOIN, 0) PAYCOIN,nvl(A.RECEIPTSCOIN, 0)-nvl(A.PAYCOIN, 0) RECEIPTSCOIN,
       		   (case A.EXCHANGETYPE
                     when '08' then  'TJ'
                     when '09' then  'TJ'
         			 when '10' then  'TJ'
         			 when '11' then  'TJ' 
         			 else  A.EXCHANGETYPE
                end) EXCHANGETYPE,
              A.EXCHANGETIME,DD.TICKET_NO,(case A.EXCHANGETYPE 
              							  when '18' then A.ERANSFERBILLNO 
              							  when '21' then (select to_char(rc.lcdorderno) from btsf_rentcar_sys_order rc where rc.id=A.ORDER_ID )
              							  else to_char(D.ORDER_NO) 
              							  end) ORDER_NO, 
              case when a.exchangetype='06' then '03'
              	when a.exchangetype='20' then '03'
																else '01' end lcd_status,D.ORDER_STATUS, A.RECOMMENDEDPHONE RECOMMENDPHONE,
              to_char(TT.ADDDATE, 'yyyy-MM-dd') ADDDATE
  from  (select *
         from BTSF_PHONE_COINDETAILS CD
         where CD.EXCHANGETYPE != '15'
         AND CD.EXCHANGETYPE != '16') A
  left join BTSF_PHONE_COIN B on A.COINACCOUNTID = B.id
  left join btsf_sys_ticket_info DD on A.TICKET_ID = DD.ID
  left join btsf_sys_order_info D on A.ORDER_ID = D.ID
  left join btsf_phone_users TT on tt.userid =  B.USERID 
 where A.EXCHANGETYPE !='01'
    <if test="userid != null and userid != ''">  
          	and  B.USERID = #{userid}
    </if>
	 union
    select t.order_id orderId,to_number('0') PAYCOIN,floor(nvl(f.returnlcdfeeratio,0)) RECEIPTSCOIN, 'FH' EXCHANGETYPE, 
	   		  t.saletime EXCHANGETIME,t.ticket_no, to_char(t1.order_no) ORDER_NO,'00' lcd_status,t1.ORDER_STATUS, '' RECOMMENDPHONE,'' ADDDATE
	  from btsf_phone_order_ext    oe  
	  inner join  btsf_sys_ticket_info   t  on  oe.orderid = t.order_id 
	  inner join (select * from btsf_temp_flight where returnlcdfeeratio>0 ) f on  oe.orderid=f.btsf_temp_terminaldo_id
	  left join btsf_sys_order_info t1 on t.order_id = t1.id 
	  left join btsf_sys_ticket_info_history th on t.id = th.id
	 where  
	 <!-- t.ticketstate not in ( '05', '06', '08', '09', '10', '15') -->
	  <!--  and --> 
	   oe.coinstate = '1'
	    <if test="userid != null and userid != ''">  
            	and oe.userid =  #{userid}
       		</if>
	   and th.id is null
	   union
	    select t.order_id orderId,to_number('0') PAYCOIN,floor(nvl(f.returnlcdfeeratio,0)) RECEIPTSCOIN, 'WX' EXCHANGETYPE, 
	   		  t.saletime EXCHANGETIME,t.ticket_no, to_char(t1.order_no) ORDER_NO,'02' lcd_status,t1.ORDER_STATUS, '' RECOMMENDPHONE,'' ADDDATE
  		from btsf_phone_order_ext  oe  
  		inner join  btsf_sys_ticket_info   t  on  oe.orderid = t.order_id 
  		inner join (select * from btsf_temp_flight where returnlcdfeeratio>0 ) f on  oe.orderid=f.btsf_temp_terminaldo_id
  		left join btsf_sys_order_info t1 on t.order_id = t1.id 
 		where oe.coinstate = '2'
   		 <if test="userid != null and userid != ''">  
            	and oe.userid =  #{userid}
       		</if>
        union 
        	select o.id orderId,
                               to_number('0') PAYCOIN,
                               floor(oi.lcd) RECEIPTSCOIN,
                               'ZC' EXCHANGETYPE,
                               o.addtime EXCHANGETIME,
                               null ticket_no,
                               to_char(o.lcdorderno) ORDER_NO,
                               case  when oi.ORDERSTATUS=#{orderStatus} then '02'
                               		 when oi.lcdflag='0' then '00'
									 when oi.lcdflag='1' then '01'
									 end lcd_status,'' ORDER_STATUS,
                               '' RECOMMENDPHONE,
                               '' ADDDATE
                          from btsf_rentcar_sys_order o
                          left join btsf_rentcar_sys_orderinfo oi
                            on o.id = oi.order_id
			  <where> 
			  	o.SALETYPE='04' AND OI.LCD>0
			  	<if test="userid != null and userid != ''">  
            		and o.userid =  #{userid}
       			</if>
			  </where>
			  union
			  	select o.orderid,
				       to_number('0') PAYCOIN,
				       floor(o.lcdreturnfee) RECEIPTSCOIN,
				       'JD' EXCHANGETYPE,
				       o.createtime EXCHANGETIME,
				       null ticket_no,
				       to_char(o.lcdorderid) order_no,
							 case when o.isoperate='0' then '00'
								    when o.isoperate='1' then '00'
										when o.isoperate='2' then '01'
										when o.isoperate='3' then '02'
										when o.isoperate='4' then '00' end lcd_status,'' ORDER_STATUS,
							 '' RECOMMENDPHONE,
				       '' ADDDATE
				  from btsf_hotel_submit_order o
				 <where> 
				 	o.orderid !='0'
				 	<if test="userid != null and userid != ''">  
            			and o.userid =  #{userid}
       				</if>
				 </where>
		 	 union
		 	 	select e.id orderId,
				       to_number('0') paycoin,
				       floor(t.ticket_price * 0.02) RECEIPTSCOIN,
				       'FH' EXCHANGETYPE,
				       t.saletime EXCHANGETIME,
				       t.ticket_no,
				       to_char(o.order_no) ORDER_NO,
				       '00' lcd_status,
				       O.ORDER_STATUS,
				       '' RECOMMENDPHONE,
				       '' ADDDATE
				  from btsf_sys_ticket_info t
				  left join btsf_sys_order_info o
				    on t.order_id = o.id
				  left join btsf_phone_order_ext e
				    on o.id = e.orderid
				 where o.channel = '0'
				   and o.pay_status = '02'
				   and e.coinstate = '1'
				   AND T.TICKETSTATE = '02'
				   <if test="userid != null and userid != ''">  
            			and e.userid =  #{userid}
       				</if>
				UNION
				select e.id orderId,
				       to_number('0') paycoin,
				       floor(t.ticket_price * 0.02) RECEIPTSCOIN,
				       'WX' EXCHANGETYPE,
				       t.saletime EXCHANGETIME,
				       t.ticket_no,
				       to_char(o.order_no) ORDER_NO,
				       '02' lcd_status,
				       O.ORDER_STATUS,
				       '' RECOMMENDPHONE,
				       '' ADDDATE
				  from btsf_sys_ticket_info t
				  left join btsf_sys_order_info o
				    on t.order_id = o.id
				  left join btsf_phone_order_ext e
				    on o.id = e.orderid
				 where o.channel = '0'
				   and o.pay_status = '02'
				   and (e.coinstate = '2' OR T.TICKETSTATE != '02')
				   <if test="userid != null and userid != ''">  
            			and e.userid =  #{userid}
       				</if>
		 ) where 1=1 
		  <if test="startDate != null and startDate !=''"> 
		 		and	to_char(EXCHANGETIME,'yyyy-MM-dd') >= #{startDate}
	      </if>
	      <if test="endDate != null and endDate !=''">
		 	<![CDATA[ and to_char(EXCHANGETIME,'yyyy-MM-dd') <= #{endDate}]]>
	      </if>
	      <if test="coinstutas != null and coinstutas!=''">
		 		and  lcd_status  = #{coinstutas}
	      </if>
	      <if test="coinDetails != null and coinDetails !=''">
		 	and  (
		 			RECOMMENDPHONE like concat(concat('%',#{coinDetails}),'%')  
		 		or	ADDDATE like concat(concat('%',#{coinDetails}),'%')  
		 		or  TICKET_NO like concat(concat('%',#{coinDetails}),'%')
		 		or  ORDER_NO like concat(concat('%',#{coinDetails}),'%')
		 	)
	      </if>
		  order by EXCHANGETIME desc 
	  ) TA  
     <![CDATA[ 
  WHERE  ROWNUM <= (#{page.startIndex}+#{page.pageSize})
 )WHERE RN > #{page.startIndex}
]]>
</select>

<!--查询会员畅达币明细count  -->
<select id="countFindAllForPage1" resultType="int" parameterType="map">
select count(*)  from (
		select *  from (
		select A.ORDER_ID orderId,nvl(A.RECEIPTSCOIN, 0)-nvl(A.PAYCOIN, 0) PAYCOIN,nvl(A.RECEIPTSCOIN, 0)-nvl(A.PAYCOIN, 0) RECEIPTSCOIN,
       		   (case A.EXCHANGETYPE
                     when '08' then  'TJ'
                     when '09' then  'TJ'
         			 when '10' then  'TJ'
         			 when '11' then  'TJ' 
         			 else  A.EXCHANGETYPE
                end) EXCHANGETYPE,
              A.EXCHANGETIME,DD.TICKET_NO,(case A.EXCHANGETYPE 
              							  when '18' then A.ERANSFERBILLNO 
              							  when '21' then (select to_char(rc.lcdorderno) from btsf_rentcar_sys_order rc where rc.id=A.ORDER_ID )
              							  else to_char(D.ORDER_NO) 
              							  end) ORDER_NO, 
              case when a.exchangetype='06' then '03'
              	when a.exchangetype='20' then '03'
																else '01' end lcd_status,D.ORDER_STATUS, A.RECOMMENDEDPHONE RECOMMENDPHONE,
              to_char(TT.ADDDATE, 'yyyy-MM-dd') ADDDATE
  from  (select *
         from BTSF_PHONE_COINDETAILS CD
         where CD.EXCHANGETYPE != '15'
         AND CD.EXCHANGETYPE != '16') A
  left join BTSF_PHONE_COIN B on A.COINACCOUNTID = B.id
  left join btsf_sys_ticket_info DD on A.TICKET_ID = DD.ID
  left join btsf_sys_order_info D on A.ORDER_ID = D.ID
  left join btsf_phone_users TT on tt.userid =  B.USERID 
 where A.EXCHANGETYPE !='01'
    <if test="userid != null and userid != ''">  
          	and  B.USERID = #{userid}
    </if>
	 union
    select t.order_id orderId,to_number('0') PAYCOIN,floor(nvl(f.returnlcdfeeratio,0)) RECEIPTSCOIN, 'FH' EXCHANGETYPE, 
	   		  t.saletime EXCHANGETIME,t.ticket_no, to_char(t1.order_no) ORDER_NO,'00' lcd_status,t1.ORDER_STATUS, '' RECOMMENDPHONE,'' ADDDATE
	  from btsf_phone_order_ext    oe  
	  inner join  btsf_sys_ticket_info   t  on  oe.orderid = t.order_id 
	  inner join (select * from btsf_temp_flight where returnlcdfeeratio>0 ) f on  oe.orderid=f.btsf_temp_terminaldo_id
	  left join btsf_sys_order_info t1 on t.order_id = t1.id 
	  left join btsf_sys_ticket_info_history th on t.id = th.id
	 where  
	 <!-- t.ticketstate not in ( '05', '06', '08', '09', '10', '15') -->
	  <!--  and --> 
	   oe.coinstate = '1'
	    <if test="userid != null and userid != ''">  
            	and oe.userid =  #{userid}
       		</if>
	   and th.id is null
	   union
	    select t.order_id orderId,to_number('0') PAYCOIN,floor(nvl(f.returnlcdfeeratio,0)) RECEIPTSCOIN, 'WX' EXCHANGETYPE, 
	   		  t.saletime EXCHANGETIME,t.ticket_no, to_char(t1.order_no) ORDER_NO,'02' lcd_status,t1.ORDER_STATUS, '' RECOMMENDPHONE,'' ADDDATE
  		from btsf_phone_order_ext  oe  
  		inner join  btsf_sys_ticket_info   t  on  oe.orderid = t.order_id 
  		inner join (select * from btsf_temp_flight where returnlcdfeeratio>0 ) f on  oe.orderid=f.btsf_temp_terminaldo_id
  		left join btsf_sys_order_info t1 on t.order_id = t1.id 
 		where oe.coinstate = '2'
   		 <if test="userid != null and userid != ''">  
            	and oe.userid =  #{userid}
       		</if>
        union 
        	select o.id orderId,
                               to_number('0') PAYCOIN,
                               floor(oi.lcd) RECEIPTSCOIN,
                               'ZC' EXCHANGETYPE,
                               o.addtime EXCHANGETIME,
                               null ticket_no,
                               to_char(o.lcdorderno) ORDER_NO,
                               case  when oi.ORDERSTATUS=#{orderStatus} then '02'
                               		 when oi.lcdflag='0' then '00'
									 when oi.lcdflag='1' then '01'
									 end lcd_status,'' ORDER_STATUS,
                               '' RECOMMENDPHONE,
                               '' ADDDATE
                          from btsf_rentcar_sys_order o
                          left join btsf_rentcar_sys_orderinfo oi
                            on o.id = oi.order_id
			  <where> 
			  	o.SALETYPE='04' AND OI.LCD>0
			  	<if test="userid != null and userid != ''">  
            		and o.userid =  #{userid}
       			</if>
			  </where>
			  union
			  	select o.orderid,
				       to_number('0') PAYCOIN,
				       floor(o.lcdreturnfee) RECEIPTSCOIN,
				       'JD' EXCHANGETYPE,
				       o.createtime EXCHANGETIME,
				       null ticket_no,
				       to_char(o.lcdorderid) order_no,
							 case when o.isoperate='0' then '00'
								    when o.isoperate='1' then '00'
										when o.isoperate='2' then '01'
										when o.isoperate='3' then '02'
										when o.isoperate='4' then '00' end lcd_status,'' ORDER_STATUS,
							 '' RECOMMENDPHONE,
				       '' ADDDATE
				  from btsf_hotel_submit_order o
				 <where> 
				 	o.orderid !='0'
				 	<if test="userid != null and userid != ''">  
            			and o.userid =  #{userid}
       				</if>
				 </where>
		 	 union
		 	 	select e.id orderId,
				       to_number('0') paycoin,
				       floor(t.ticket_price * 0.02) RECEIPTSCOIN,
				       'FH' EXCHANGETYPE,
				       t.saletime EXCHANGETIME,
				       t.ticket_no,
				       to_char(o.order_no) ORDER_NO,
				       '00' lcd_status,
				       O.ORDER_STATUS,
				       '' RECOMMENDPHONE,
				       '' ADDDATE
				  from btsf_sys_ticket_info t
				  left join btsf_sys_order_info o
				    on t.order_id = o.id
				  left join btsf_phone_order_ext e
				    on o.id = e.orderid
				 where o.channel = '0'
				   and o.pay_status = '02'
				   and e.coinstate = '1'
				   AND T.TICKETSTATE = '02'
				   <if test="userid != null and userid != ''">  
            			and e.userid =  #{userid}
       				</if>
				UNION
				select e.id orderId,
				       to_number('0') paycoin,
				       floor(t.ticket_price * 0.02) RECEIPTSCOIN,
				       'WX' EXCHANGETYPE,
				       t.saletime EXCHANGETIME,
				       t.ticket_no,
				       to_char(o.order_no) ORDER_NO,
				       '02' lcd_status,
				       O.ORDER_STATUS,
				       '' RECOMMENDPHONE,
				       '' ADDDATE
				  from btsf_sys_ticket_info t
				  left join btsf_sys_order_info o
				    on t.order_id = o.id
				  left join btsf_phone_order_ext e
				    on o.id = e.orderid
				 where o.channel = '0'
				   and o.pay_status = '02'
				   and (e.coinstate = '2' OR T.TICKETSTATE != '02')
				   <if test="userid != null and userid != ''">  
            			and e.userid =  #{userid}
       				</if>
		 ) where 1=1 
		  <if test="startDate != null and startDate !=''"> 
		 		and	to_char(EXCHANGETIME,'yyyy-MM-dd') >= #{startDate}
	      </if>
	      <if test="endDate != null and endDate !=''">
		 	<![CDATA[ and to_char(EXCHANGETIME,'yyyy-MM-dd') <= #{endDate}]]>
	      </if>
	      <if test="coinstutas != null and coinstutas!=''">
		 		and  lcd_status  = #{coinstutas}
	      </if>
	      <if test="coinDetails != null and coinDetails !=''">
		 	and  (
		 			RECOMMENDPHONE like concat(concat('%',#{coinDetails}),'%')  
		 		or	ADDDATE like concat(concat('%',#{coinDetails}),'%')  
		 		or  TICKET_NO like concat(concat('%',#{coinDetails}),'%')
		 		or  ORDER_NO like concat(concat('%',#{coinDetails}),'%')
		 	)
	      </if>
		  order by EXCHANGETIME desc 
	  
				 
		 ) where 1=1 
		  <if test="startDate != null and startDate !=''"> 
		 		and	to_char(EXCHANGETIME,'yyyy-MM-dd') >= #{startDate}
	      </if>
	      <if test="endDate != null and endDate !=''">
		 	<![CDATA[ and to_char(EXCHANGETIME,'yyyy-MM-dd') <= #{endDate}]]>
	      </if>
	      <if test="coinstutas != null and coinstutas!=''">
		 	and  lcd_status  = #{coinstutas}
	      </if>
	       <if test="coinDetails != null and coinDetails !=''">
		 	and  (
		 			RECOMMENDPHONE like concat(concat('%',#{coinDetails}),'%')  
		 		or	ADDDATE like concat(concat('%',#{coinDetails}),'%')  
		 		or  TICKET_NO like concat(concat('%',#{coinDetails}),'%')
		 		or  ORDER_NO like concat(concat('%',#{coinDetails}),'%')
		 	)
	      </if>
</select>

  <select id="countFindAllForPage" resultType="int" parameterType="map" >
	  <![CDATA[
	    select count(*)
    from BTSF_PHONE_COINDETAILS A
    left join BTSF_PHONE_COIN B on A.COINACCOUNTID=B.id
	where B.USERID = #{userid}
		  ]]>
	  </select>

 
  <select id="findAll" resultMap="BaseResultMap" >
    select ID,COINACCOUNTID,PAYCOIN,RECEIPTSCOIN,EXCHANGETYPE,EXCHANGETIME,TICKET_ID
    from BTSF_PHONE_COINDETAILS
  </select>
  
  <delete id="delete" parameterType="String" >
    delete from BTSF_PHONE_COINDETAILS
    where 
			ID = #{ id}
	  </delete>
  
  <insert id="create" parameterType="cn.itkt.btsf.phone.users.po.PhoneCoinDetailsPO" >
	 	<selectKey keyProperty="id" resultType="long" order="BEFORE">
		select S_BTSF_PHONE_COINDETAILS.nextval from dual
	</selectKey>
	 	
    insert into BTSF_PHONE_COINDETAILS (ID,COINACCOUNTID,PAYCOIN,RECEIPTSCOIN,EXCHANGETYPE,EXCHANGETIME,TICKET_ID,ORDER_ID,OPERATOR,ERANSFERBILLNO)
    values (
			#{ id, javaType=long, jdbcType=NUMERIC},
			#{ coinaccountid, javaType=long, jdbcType=NUMERIC},
			#{ paycoin, javaType=Integer, jdbcType=NUMERIC},
			#{ receiptscoin, javaType=Integer, jdbcType=NUMERIC},
			#{ exchangetype, javaType=String, jdbcType=VARCHAR},
			#{ exchangetime, javaType=Date, jdbcType=TIMESTAMP},
			#{ ticketId, javaType=long, jdbcType=NUMERIC},
			#{ orderId, javaType=long, jdbcType=NUMERIC},
			#{ operator, javaType=String, jdbcType=VARCHAR},
			#{ eransferbillNo, javaType=String, jdbcType=VARCHAR}
			
	    )
  </insert>

  <update id="update" parameterType="cn.itkt.btsf.phone.users.po.PhoneCoinDetailsPO" >
    update BTSF_PHONE_COINDETAILS
    set
			ID = #{ id, javaType=long, jdbcType=NUMERIC},
			COINACCOUNTID = #{ coinaccountid, javaType=long, jdbcType=NUMERIC},
			PAYCOIN = #{ paycoin, javaType=Integer, jdbcType=NUMERIC},
			RECEIPTSCOIN = #{ receiptscoin, javaType=Integer, jdbcType=NUMERIC},
			EXCHANGETYPE = #{ exchangetype, javaType=String, jdbcType=VARCHAR},
			EXCHANGETIME = #{ exchangetime, javaType=Date, jdbcType=TIMESTAMP},
			TICKET_ID = #{ ticketId, javaType=long, jdbcType=NUMERIC}
	    where 
			ID = #{ id}
	  </update>

	<select id="findByUpdateDetails" parameterType="hashmap" resultMap="BaseResultMap" >
	  
	  select u.userid as COINACCOUNTID,u.telephone as id,t.exchangetime,t.paycoin,t.receiptscoin,t.exchangetype,t.operator,ti.ticket_no,o.order_no,t.eransferbillno from BTSF_PHONE_COINDETAILS t
		left join btsf_sys_ticket_info ti on ti.id=t.ticket_id
		left join btsf_sys_order_info o on o.id=t.order_id
		left join btsf_phone_coin c on c.id=t.coinaccountid
		left join btsf_phone_users u on u.userid = c.userid
		<where>
			and t.operator is not null
			<if test="telephone != null and telephone !=''">
				and u.telephone like concat(concat('%',#{telephone}),'%') 			
			</if>
			<if test="operator != null and operator !=''">
				and t.operator like concat(concat('%',#{operator}),'%') 		
			</if>
			<if test="beginDate != null and beginDate !=''">
				and	to_char(EXCHANGETIME,'yyyy-MM-dd') >= #{beginDate}
			</if>
			<if test="endDate != null and endDate !=''">
				<![CDATA[ and	to_char(EXCHANGETIME,'yyyy-MM-dd') <=  #{beginDate}]]>
			</if>
			<if test="eransferbillno !=null and eransferbillno !=''">
				and t.eransferbillno like concat(concat('%',#{eransferbillno}),'%') 		
			</if>		
		order by t.EXCHANGETIME desc
		</where>

	</select>

</mapper>