<?xml version="1.0" encoding="UTF-8" ?>
<!DOCTYPE mapper PUBLIC "-//ibatis.apache.org//DTD Mapper 3.0//EN" 
"http://ibatis.apache.org/dtd/ibatis-3-mapper.dtd">
<mapper namespace="cn.itkt.btsf.phone.users.dao.PhoneCoinDao" >
	
  <resultMap id="BaseResultMap" type="cn.itkt.btsf.phone.users.po.PhoneCoinPO" >
	<result column="ID" property="id" />
	<result column="USERID" property="userid" />
	<result column="LCDCOIN" property="lcdcoin" />
	<result column="ALLLCDCOIN" property="alllcdcoin" />
	<result column="ACCOUNTNUMBER" property="accountnumber" />
  </resultMap>
  
  <select id="find" resultMap="BaseResultMap" parameterType="String" >
    select ID,USERID,LCDCOIN,ALLLCDCOIN,ACCOUNTNUMBER
    from BTSF_PHONE_COIN
    where
			ID = #{ id}
	  </select>

  <select id="findByUserId" resultMap="BaseResultMap" parameterType="String" >
    select ID,USERID,LCDCOIN,ALLLCDCOIN,ACCOUNTNUMBER
    from BTSF_PHONE_COIN
    where
			USERID = #{ userid}
	  </select>
  
  <select id="findAll" resultMap="BaseResultMap" >
    select ID,USERID,LCDCOIN,ALLLCDCOIN,ACCOUNTNUMBER
    from BTSF_PHONE_COIN
  </select>
  
  <delete id="delete" parameterType="String" >
    delete from BTSF_PHONE_COIN
    where 
			ID = #{ id}
	  </delete>
  
  <insert id="create" parameterType="cn.itkt.btsf.phone.users.po.PhoneCoinPO" >
	 	<selectKey keyProperty="id" resultType="long" order="BEFORE">
		select S_BTSF_PHONE_COIN.nextval from dual
	</selectKey>
	 	
    insert into BTSF_PHONE_COIN (ID,USERID,LCDCOIN,ALLLCDCOIN,ACCOUNTNUMBER)
    values (
			#{ id, javaType=long, jdbcType=NUMERIC},
				#{ userid, javaType=long, jdbcType=NUMERIC},
				#{ lcdcoin, javaType=String, jdbcType=VARCHAR},
				#{ alllcdcoin, javaType=String, jdbcType=VARCHAR},
				#{ accountnumber, javaType=String, jdbcType=VARCHAR}
	    )
  </insert>

  <update id="update" parameterType="cn.itkt.btsf.phone.users.po.PhoneCoinPO" >
    update BTSF_PHONE_COIN
    set
			USERID = #{ userid, javaType=long, jdbcType=NUMERIC},
				LCDCOIN = #{ lcdcoin, javaType=String, jdbcType=VARCHAR},
				ALLLCDCOIN = #{ alllcdcoin, javaType=String, jdbcType=VARCHAR},
				ACCOUNTNUMBER = #{ accountnumber, javaType=String, jdbcType=VARCHAR}
	    where 
			ID = #{ id}
	  </update>

<!--codegen-->

</mapper>