<?xml version="1.0" encoding="UTF-8" ?>
<!DOCTYPE mapper PUBLIC "-//ibatis.apache.org//DTD Mapper 3.0//EN" 
"http://ibatis.apache.org/dtd/ibatis-3-mapper.dtd">
<mapper namespace="cn.itkt.btsf.phone.users.dao.PhoneUsersDao" >
	
  <resultMap id="BaseResultMap" type="cn.itkt.btsf.phone.users.po.PhoneUsersPO" >
	<result column="USERID" property="userid" />
	<result column="TELEPHONE" property="telephone" />
	<result column="PASSWORD" property="password" />
	<result column="NAME" property="name" />
	<result column="EMAIL" property="email" />
	<result column="ADDDATE" property="adddate" />
	<result column="SOURCE" property="source" />
  </resultMap>

 <resultMap id="UsersMailMap" type="cn.itkt.btsf.phone.users.vo.PhoneUsersMailVO" >
    <result column="USERID" property="userid" />
	<result column="TELEPHONE" property="telephone" />
	<result column="RECOMMENDPHONE" property="recommendPhone" />
	<result column="PASSWORD" property="password" />
	<result column="UNAME" property="uname" />
	<result column="PROVINCE" property="province" />
	<result column="CITY" property="city" />
	<result column="EMAIL" property="email" />
	<result column="ADDDATE" property="adddate" />
	<result column="SOURCE" property="source" />
	<result column="LCDCOIN" property="lcdcoin"/>
	<result column="RECEIPTSCOIN" property="receiptscoin"/>
	<result column="CHANEEL" property="chaneel"/>
	<result column="CHANNEL_REMARK" property="channelRemark"/>
	<result column="VERSION" property="version"/>
	<result column="AMOUNT" property="amount"/>
	<result column="USERTYPE" property="usertype"/>
	<result column="CARDTYPE" property="cardtype"/>
	<result column="CARDNO" property="cardno"/>
	<result column="REMARK" property="remark"/>
	<result column="SEX" property="sex"/>
	<result column="BIRTHDAY" property="birthday"/>
	<collection property="mailpo" javaType="ArrayList" ofType="cn.itkt.btsf.sys.cc.national.po.SysMailPO">
		<result column="ADDRESSID" property="addressid" />
		<result column="M_USERID" property="userid" />
		<result column="NAME" property="name" />
		<result column="POSTCODE" property="postcode" />
		<result column="POSTALADDRESS" property="postaladdress" />
		<result column="MOBILE" property="mobile" />
		<result column="USERTYPE" property="usertype" />
	</collection>
	</resultMap>
 	<select id="findUserByExtId" parameterType="long" resultMap="BaseResultMap">
 		select uinfo.* from BTSF_CC_TKT_REFUNDINFO_EXT ext inner join btsf_sys_ticket_info ticket on ext.TICKET_NO=ticket.TICKET_NO
     inner join btsf_sys_order_info oinfo on ticket.ORDER_ID=oinfo.id 
		inner join BTSF_PHONE_USERS uinfo on uinfo.userid=oinfo.CLEAROBJECT_ID
		where ext.id=#{id} 
 	
 	</select>
	<select id="findAllShow" resultMap="UsersMailMap" parameterType="java.util.Map">
    select A.userid,A.TELEPHONE,A.PASSWORD,A.UNAME,A.EMAIL,A.ADDDATE,A.SOURCE,A.ADDRESSID,A.NAME,A.POSTCODE,A.POSTALADDRESS 
    FROM (select A1.userid,A1.TELEPHONE,A1.PASSWORD,A1.uname,A1.EMAIL,A1.ADDDATE,A1.SOURCE,A1.ADDRESSID,A1.NAME,A1.POSTCODE,A1.POSTALADDRESS,ROWNUM RN
    FROM ( select U.USERID userid,TELEPHONE,PASSWORD,U.NAME UNAME,EMAIL,ADDDATE,SOURCE, M.ADDRESSID,M.NAME,M.POSTCODE,M.POSTALADDRESS 
    FROM BTSF_PHONE_USERS U left join (select * from BTSF_SYS_MAIL where usertype='02') M on U.USERID=M.USERID
    <where>
    <if test="userid!=null and userid!=''">
		        AND U.USERID LIKE '%${userid}%'
    </if>
	<if test="uname!=null and uname!=''">
		        AND U.NAME LIKE '%${uname}%'
    </if>
	<if test="telephone!=null and telephone!=''">
		        AND TELEPHONE LIKE '%${telephone}%'
    </if>
    </where>
	)A1
     <![CDATA[ 
		        WHERE ROWNUM <= (#{startIndex} + #{pageSize})) A 
			    WHERE RN>#{ startIndex}
     ]]>      
  </select>
  
  <select id="findPhoneUser" resultMap="UsersMailMap" parameterType="java.util.Map">
  		
		
		select UVV.TELEPHONE,
		       UVV.RECOMMENDPHONE,
		       UVV.USERID userid,
		       UVV.PASSWORD,
		       UVV.NAME UNAME,
		       UVV.province,
		       UVV.city,
		       UVV.usertype,
		       EMAIL,
		       ADDDATE,
		       SOURCE,
		       coin.LCDCOIN,
		       coin.alllcdcoin RECEIPTSCOIN,
		       (case UVV.channelid
		         when '0' then
		          '威锋'
		         when '1' then
		          'IPHONE'
		         when '2' then
		          '网站'
		         when 'internet' then
		          'INTERNET'
		         else
		          UVV.channelid
		       end) as CHANEEL,
		       UVV.versionid as version,
		       bpc.CHANNEL_REMARK as CHANNEL_REMARK,
		       nvl(sum(orderinfo.AMOUNT_PAID - nvl(EXCEPT_FEE, 0)), 0) AMOUNT
		  from (SELECT DISTINCT U.*, VV.CHANNELID
		          FROM (select *
		                  from (select u1.*, rownum rowcount
		                          from (select *
		                                  from btsf_phone_users t
		                                    <where>
												<if test="telephone!=null and telephone!=''">
													        AND TELEPHONE LIKE '%${telephone}%'
											    </if>
												<if test="recommendPhone!=null and recommendPhone!=''">
													        AND RECOMMENDPHONE LIKE '%${recommendPhone}%'
											    </if>
											    <if test="uname!=null and uname!=''">
													        AND NAME LIKE '%${uname}%'
											    </if>
											</where>
		                                 order by t.adddate desc) u1
		                <![CDATA[           where rownum <=  (#{startIndex} + #{pageSize})) u2
		                 where rowcount > #{ startIndex}) u
		                 	]]>
		
		          left join btsf_phone_visitcount vv
		            on vv.phone = u.telephone) UVV
		 inner join BTSF_PHONE_COIN coin
		    on UVV.USERID = coin.USERID
		  left join BTSF_PHONE_CHANNEL bpc
		    on bpc.CHANNEL_NAME = UVV.channelid
		  left join BTSF_SYS_ORDER_INFO orderinfo
		    on orderinfo.CLEAROBJECT_ID = UVV.USERID
		   and orderinfo.CLEAROBJECT_TYPE = '04'
		  left join BTSF_CC_TKT_REQ req
		    on req.ORDER_ID = orderinfo.ID
		  left join (select REQUISITION_ID, sum(EXCEPT_FEE)
		               from BTSF_CC_TKT_REFUNDINFO_EXT
		              where STATUS = '1'
		              group by REQUISITION_ID) ext
		    on ext.REQUISITION_ID = req.REQUISITION_CODE
		 group by UVV.TELEPHONE,
		          UVV.USERID,
		          UVV.PASSWORD,
		          UVV.NAME,
		          UVV.province,
		          UVV.city,
		          UVV.usertype,
		          EMAIL,
		          ADDDATE,
		          SOURCE,
		          coin.LCDCOIN,
		          coin.alllcdcoin,
		          UVV.channelid,
		          UVV.versionid,
		          UVV.Recommendphone,
		          bpc.CHANNEL_REMARK
  </select>
    <select id="countFindAllShow" parameterType="java.util.Map" resultType="int">
    	 select  count(U.USERID)
		  FROM BTSF_PHONE_USERS U left join (select * from BTSF_SYS_MAIL where usertype='02') M on U.USERID=M.USERID 
		  	<where>
				<if test="uname!=null and uname!=''">
		        AND U.NAME LIKE '%${uname}%'
                </if>
				<if test="telephone!=null and telephone!=''">
		        AND TELEPHONE LIKE '%${telephone}%'
    			</if>
    		</where>
    </select>
	<select id="count" resultType="int" parameterType="hashmap">
    	select count(userid)
		                                  from btsf_phone_users t
		                                    <where>
												<if test="telephone!=null and telephone!=''">
													        AND TELEPHONE LIKE '%${telephone}%'
											    </if>
												<if test="recommendPhone!=null and recommendPhone!=''">
													        AND RECOMMENDPHONE LIKE '%${recommendPhone}%'
											    </if>
											    <if test="uname!=null and uname!=''">
													        AND NAME LIKE '%${uname}%'
											    </if>
											</where>
    </select>
	
  
  
  <select id="find" resultMap="BaseResultMap" parameterType="String" >
    select USERID,TELEPHONE,PASSWORD,NAME,EMAIL,ADDDATE,SOURCE
    from BTSF_PHONE_USERS
    where
			USERID = #{ userid}
	  </select>
  
  <select id="findAll" resultMap="BaseResultMap" parameterType="hashmap">
   SELECT B.* FROM 
    (SELECT A.*, ROWNUM RN FROM
	    (select USERID,TELEPHONE,PASSWORD,NAME,EMAIL,ADDDATE,SOURCE
	    from BTSF_PHONE_USERS
	    <where>
	    	<if test="telephone != null and telephone != '' ">
				TELEPHONE like CONCAT(#{telephone},'%')
			</if>
	    </where>
	    ORDER BY TELEPHONE ) A
	 WHERE ROWNUM <![CDATA[<=]]> (#{startIndex}+#{pageSize})) B
	WHERE RN > #{startIndex}
  </select>
  
  <delete id="delete" parameterType="String" >
    delete from BTSF_PHONE_USERS
    where 
			USERID = #{ userid}
	  </delete>
  
  <insert id="create" parameterType="cn.itkt.btsf.phone.users.po.PhoneUsersPO" >
	 	<selectKey keyProperty="userid" resultType="long" order="BEFORE">
		select S_BTSF_PHONE_USERS.nextval from dual
	</selectKey>
	 	
    insert into BTSF_PHONE_USERS (USERID,TELEPHONE,PASSWORD,NAME,EMAIL,ADDDATE,SOURCE)
    values (
			#{ userid, javaType=long, jdbcType=NUMERIC},
				#{ telephone, javaType=String, jdbcType=VARCHAR},
				#{ password, javaType=String, jdbcType=VARCHAR},
				#{ name, javaType=String, jdbcType=VARCHAR},
				#{ email, javaType=String, jdbcType=VARCHAR},
				#{ adddate, javaType=Date, jdbcType=TIMESTAMP},
				#{ source, javaType=String, jdbcType=VARCHAR}
	    )
  </insert>
  

  <update id="update" parameterType="cn.itkt.btsf.phone.users.po.PhoneUsersPO" >
    update BTSF_PHONE_USERS
    set
			TELEPHONE = #{ telephone, javaType=String, jdbcType=VARCHAR},
				PASSWORD = #{ password, javaType=String, jdbcType=VARCHAR},
				NAME = #{ name, javaType=String, jdbcType=VARCHAR},
				EMAIL = #{ email, javaType=String, jdbcType=VARCHAR},
				ADDDATE = #{adddate, javaType=Date, jdbcType=TIMESTAMP},
				SOURCE = #{ source, javaType=String, jdbcType=VARCHAR}
	    where 
			USERID = #{ userid}
	  </update>

<!--codegen-->
	<select id="findMailCount" parameterType="String" resultType="int">
		select count(*) FROM  BTSF_SYS_MAIL M where usertype='02' and M.USERID=#{userid}
	</select>
	
	<select id="countsByUserPhone" parameterType="String" resultType="int">
		select count(0) from BTSF_PHONE_USERS M where M.TELEPHONE = #{userPhone}
	</select>
	
	<update id="updateByPhone" parameterType="hashmap" >
		update BTSF_PHONE_USERS M set M.TELEPHONE = #{newUserPhone},M.NAME = #{newUserPhone} where M.USERID = #{oldUserId}
	</update>
	
	
	<delete id="deleteByPhone1" parameterType="String" >
		delete BTSF_PHONE_USERS M where M.TELEPHONE = #{newUserPhone}
	</delete>
	
	<select id="findByPhone" parameterType="String" resultType="cn.itkt.btsf.phone.users.po.PhoneUsersPO">
		select * from btsf_phone_users  tt where tt.telephone =#{phone}
	</select>
	<select id="manageFindById" resultMap="UsersMailMap" parameterType="hashmap">
	          select
           U.userid,U.telephone,U.name UNAME,U.email,U.recommendphone,u.versionid as version,U.adddate,U.source,U.province,
			  U.city,U.cardno,U.cardtype,U.usertype,U.remark,coin.LCDCOIN,U.gender sex,U.birthday,
              (case vv.channelid when '0' then  '威锋'
                         when '1' then  'IPHONE'
                         when '2' then  '网站' 
                         when 'internet' then  'INTERNET' 
                         else  vv.channelid 
               end) as CHANEEL
        FROM BTSF_PHONE_USERS U 
        left join (select distinct v.phone,v.channelid from btsf_phone_visitcount v)vv on vv.phone = u.telephone
        left join BTSF_PHONE_COIN coin on U.USERID=coin.USERID
        left join BTSF_PHONE_CHANNEL bpc on bpc.CHANNEL_NAME = vv.channelid
        left join BTSF_SYS_ORDER_INFO orderinfo on orderinfo.CLEAROBJECT_ID=U.USERID and orderinfo.CLEAROBJECT_TYPE='04'
        left join BTSF_CC_TKT_REQ  req on req.ORDER_ID=orderinfo.ID
        left join (select REQUISITION_ID,sum(EXCEPT_FEE) from BTSF_CC_TKT_REFUNDINFO_EXT  where  STATUS='1' group by REQUISITION_ID) ext on ext.REQUISITION_ID=req.REQUISITION_CODE
		    where  
             u.userid=#{userid} 
             <if test="version != null and version != ''">
                <![CDATA[ and u.versionid=#{version} ]]>
             </if>
             <if test="version == null or version == ''">
                <![CDATA[ and u.versionid is null ]]>
             </if>
        group by U.userid,U.telephone,U.name ,U.email,U.recommendphone,u.versionid ,U.adddate,U.source,U.province,
			  U.city,U.cardno,U.cardtype,U.usertype,U.remark,coin.LCDCOIN,U.gender,U.birthday,vv.channelid
        ORDER BY U.ADDDATE DESC
        
     
	</select>
	<update id="updateRemark" parameterType="cn.itkt.btsf.phone.users.vo.PhoneUsersMailVO" >
    update BTSF_PHONE_USERS
      set
	      REMARK = #{remark, javaType=String, jdbcType=VARCHAR}
	  where 
			USERID = #{userid}
	  </update>
	<select id="findPopupmbrphoneByPhone" parameterType="String" resultType="int">
		select count(*) from BTSF_SYS_POPUPMBRPHONE  tt where tt.PHONENO =#{oldUserPhone} and tt.MBRTYPE = '4'
	</select>
	
	<delete id="deletePopupmbrphone" parameterType="String">
		delete from BTSF_SYS_POPUPMBRPHONE tt where tt.PHONENO = #{newUserPhone} and tt.MBRTYPE = '4'
	</delete>
	<update id="updatePopupmbrphone" parameterType="hashmap">
		update BTSF_SYS_POPUPMBRPHONE tt set tt.PHONENO = #{newUserPhone} where tt.PHONENO = #{oldUserPhone} and tt.MBRTYPE = '4'
	</update>
	
</mapper>