<?xml version="1.0" encoding="UTF-8" ?>
<!DOCTYPE mapper PUBLIC "-//ibatis.apache.org//DTD Mapper 3.0//EN" 
"http://ibatis.apache.org/dtd/ibatis-3-mapper.dtd">
<mapper namespace="cn.itkt.btsf.phone.users.dao.PhoneOrderDao" >
	
  <resultMap id="BaseResultMap" type="cn.itkt.btsf.phone.users.po.PhoneOrderPO" >
	<result column="ID" property="id" />
	<result column="USERID" property="userid" />
	<result column="ORDERID" property="orderid" />
	<result column="FLIGHTNO" property="flightno" />
	<result column="DEPARTUREDATE" property="departuredate" />
	<result column="PASSENGERCOUNT" property="passengercount" />
	<result column="ADDTIME" property="addtime" />
	<result column="ISACCEPTSEVICE" property="isacceptsevice" />
	<result column="STATE" property="state" />
	<result column="COINSTATE" property="coinstate" />
	<result column="TOTALPRICE" property="totalprice" />
	<result column="DPTCITY" property="dptcity" />
	<result column="DSTCITY" property="dstcity" />
	<result column="GETITINERARY" property="getitinerary" />
  </resultMap>
  
    <resultMap id="BaseResultMap1" type="cn.itkt.btsf.phone.users.vo.PhoneOrderShowVO" >
	<result column="OID" property="oid" />
	<result column="USERID" property="userid" />
	<result column="USERNAME" property="userName" />
    <result column="STATE" property="state" />
	<result column="ORDERID" property="orderid" />
	<result column="TELNO" property="telNo" />
	<result column="ADDTIME" property="addtime" />
	<result column="GETITINERARY" property="getitinerary" />
	<result column="ADDTIMES" property="addtimeS" />
	<result column="ADDTIMEE" property="addtimeE" />
	<result column="COINSTATE" property="coinstate" />
  </resultMap>
  
  
  <select id="findPhoneOrderExt" resultMap="BaseResultMap1" parameterType="long" >
    SELECT  E.ORDERID, E.USERID, U.NAME USERNAME, U.TELEPHONE TELNO
	FROM BTSF_PHONE_USERS U, BTSF_PHONE_ORDER_ext E
	WHERE E.ORDERID = #{orderId}
	   AND E.USERID = U.USERID
  </select>
  
  
  <select id="find" resultMap="BaseResultMap" parameterType="String" >
    select ID,USERID,ORDERID,FLIGHTNO,DEPARTUREDATE,PASSENGERCOUNT,ADDTIME,ISACCEPTSEVICE,STATE,COINSTATE,TOTALPRICE,DPTCITY,DSTCITY,GETITINERARY
    from BTSF_PHONE_ORDER
    where
			ID = #{ id}
	  </select>
	  
	    
  <select id="findByOrderId" resultMap="BaseResultMap" parameterType="String" >
    select O.ID OID,U.USERID USERID,U.TELEPHONE TELNO,O.SUBMIT_TIME ADDTIME,O.ORDER_STATUS STATE,E.COINSTATE
		 from BTSF_SYS_ORDER_INFO O 
         left join BTSF_PHONE_ORDER_ext E on E.ORDERID=O.id
         left join BTSF_PHONE_USERS U  on  O.CLEAROBJECT_ID=U.USERID 
         where O.CLEAROBJECT_TYPE='04'
			O.ID = #{ orderid}
	  </select>
	  

  
  <select id="findAll" resultMap="BaseResultMap" >
    select ID,USERID,ORDERID,FLIGHTNO,DEPARTUREDATE,PASSENGERCOUNT,ADDTIME,ISACCEPTSEVICE,STATE,COINSTATE,TOTALPRICE,DPTCITY,DSTCITY,GETITINERARY
    from BTSF_PHONE_ORDER
  </select>
  
  
    <select id="findAllShow" resultMap="BaseResultMap1"  parameterType="java.util.Map">
    	select A.OID,A.USERID,A.TELNO,A.ADDTIME,A.STATE,A.COINSTATE,A.ORDERID
		from (select  A1.OID,A1.USERID,A1.TELNO,A1.ADDTIME,A1.STATE,A1.COINSTATE,A1.ORDERID,ROWNUM RN
		from ( select O.ID OID,O.ORDER_NO ORDERID,U.USERID USERID,U.TELEPHONE TELNO,O.SUBMIT_TIME ADDTIME,O.ORDER_STATUS STATE,E.COINSTATE
		 from BTSF_SYS_ORDER_INFO O 
         left join BTSF_PHONE_ORDER_ext E on E.ORDERID=O.id
         left join BTSF_PHONE_USERS U  on  O.CLEAROBJECT_ID=U.USERID 
         <where>
         E.USERID =#{userId}
		</where>
		 <![CDATA[ 
		 		ORDER BY O.SUBMIT_TIME desc) A1
		        WHERE ROWNUM <= (#{startIndex} + #{pageSize})) A 
			    WHERE RN>#{ startIndex}
     ]]>     
  </select>
  
  
  
  
  
  
   <select id="countFindAllShow" parameterType="java.util.Map" resultType="int">
    	 select count(O.id)
		 from BTSF_SYS_ORDER_INFO O 
         left join BTSF_PHONE_ORDER_ext E on E.ORDERID=O.id
         left join BTSF_PHONE_USERS U  on  O.CLEAROBJECT_ID=U.USERID 
		 <where>
		 E.USERID =#{userId}
	    </where>
   </select>
	
  <delete id="delete" parameterType="String" >	
    delete from BTSF_PHONE_ORDER
    where 
			ID = #{ id}
	  </delete>
  
  <insert id="create" parameterType="cn.itkt.btsf.phone.users.po.PhoneOrderPO" >
	 	<selectKey keyProperty="id" resultType="long" order="BEFORE">
		select S_BTSF_PHONE_ORDER.nextval from dual
	</selectKey>
	 	
    insert into BTSF_PHONE_ORDER (ID,USERID,ORDERID,FLIGHTNO,DEPARTUREDATE,PASSENGERCOUNT,ADDTIME,ISACCEPTSEVICE,STATE,COINSTATE,TOTALPRICE,DPTCITY,DSTCITY,GETITINERARY)
    values (
			#{ id, javaType=long, jdbcType=NUMERIC},
				#{ userid, javaType=long, jdbcType=NUMERIC},
				#{ orderid, javaType=long, jdbcType=NUMERIC},
				#{ flightno, javaType=String, jdbcType=VARCHAR},
				#{ departuredate, javaType=String, jdbcType=VARCHAR},
				#{ passengercount, javaType=long, jdbcType=NUMERIC},
				#{ addtime, javaType=Date, jdbcType=TIMESTAMP},
				#{ isacceptsevice, javaType=String, jdbcType=VARCHAR},
				#{ state, javaType=String, jdbcType=VARCHAR},
				#{ coinstate, javaType=String, jdbcType=VARCHAR},
				#{ totalprice, javaType=String, jdbcType=VARCHAR},
				#{ dptcity, javaType=String, jdbcType=VARCHAR},
				#{ dstcity, javaType=String, jdbcType=VARCHAR},
				#{ getitinerary, javaType=String, jdbcType=VARCHAR}
	    )
  </insert>

  <update id="update" parameterType="cn.itkt.btsf.phone.users.po.PhoneOrderPO" >
    update BTSF_PHONE_ORDER
    set
			USERID = #{ userid, javaType=long, jdbcType=NUMERIC},
				ORDERID = #{ orderid, javaType=long, jdbcType=NUMERIC},
				FLIGHTNO = #{ flightno, javaType=String, jdbcType=VARCHAR},
				DEPARTUREDATE = #{ departuredate, javaType=String, jdbcType=VARCHAR},
				PASSENGERCOUNT = #{ passengercount, javaType=long, jdbcType=NUMERIC},
				ADDTIME = #{ addtime, javaType=Date, jdbcType=TIMESTAMP},
				ISACCEPTSEVICE = #{ isacceptsevice, javaType=String, jdbcType=VARCHAR},
				STATE = #{ state, javaType=String, jdbcType=VARCHAR},
				COINSTATE = #{ coinstate, javaType=String, jdbcType=VARCHAR},
				TOTALPRICE = #{ totalprice, javaType=String, jdbcType=VARCHAR},
				DPTCITY = #{ dptcity, javaType=String, jdbcType=VARCHAR},
				DSTCITY = #{ dstcity, javaType=String, jdbcType=VARCHAR},
				GETITINERARY = #{ getitinerary, javaType=String, jdbcType=VARCHAR}
	    where 
			ID = #{ id}
	  </update>

<!--codegen-->

</mapper>