<?xml version="1.0" encoding="UTF-8" ?>
<!DOCTYPE mapper PUBLIC "-//ibatis.apache.org//DTD Mapper 3.0//EN" 
"http://ibatis.apache.org/dtd/ibatis-3-mapper.dtd">
<mapper namespace="cn.itkt.btsf.phone.users.dao.PhoneShuttleDao" >
	
  <resultMap id="BaseResultMap" type="cn.itkt.btsf.phone.users.po.PhoneShuttlePO" >
	<result column="ID" property="id" />
	<result column="NAME" property="name" />
	<result column="AIRPORTID" property="airportid" />
	<result column="FARE" property="fare" />
	<result column="OPERATIONSTIME" property="operationstime" />
	<result column="INTERVALTIME" property="intervaltime" />
	<result column="PASSSTATION" property="passstation" />
	<result column="STARTSTATION" property="startstation" />
	<result column="ENDSTATION" property="endstation" />
	<result column="DRIECTION" property="driection" />
	<result column="HOTLINE" property="hotline" />
	<result column="CITYNAME" property="cityname" />
  </resultMap>
  
  
   <resultMap id="ShowMap" type="cn.itkt.btsf.phone.users.vo.PhoneShowAirportShuttleVO" >
   	<result column="SID" property="sid" />
    <result column="AIRPORTNAME" property="airportName" />
	<result column="LINENAME" property="linename" />
	<result column="AIRPORTID" property="airportid" />
	<result column="FARE" property="fare" />
	<result column="OPERATIONSTIME" property="operationstime" />
	<result column="INTERVALTIME" property="intervaltime" />
	<result column="PASSSTATION" property="passstation" />
	<result column="STARTSTATION" property="startstation" />
	<result column="ENDSTATION" property="endstation" />
	<result column="DRIECTION" property="driection" />
	<result column="HOTLINE" property="hotline" />
	<result column="CITYNAME" property="cityname" />
	</resultMap>
	<select id="findAllShow" resultMap="ShowMap" parameterType="java.util.Map">
		select A.AIRPORTNAME,A.LINENAME,A.SID,A.AIRPORTID,A.FARE,A.OPERATIONSTIME,A.INTERVALTIME,A.PASSSTATION,A.STARTSTATION,A.ENDSTATION,A.DRIECTION,A.HOTLINE,A.CITYNAME
		 FROM( select A1.AIRPORTNAME,A1.LINENAME,A1.SID,A1.AIRPORTID,A1.FARE,A1.OPERATIONSTIME,A1.INTERVALTIME,A1.PASSSTATION,A1.STARTSTATION,A1.ENDSTATION,A1.DRIECTION,A1.HOTLINE,A1.CITYNAME,ROWNUM RN
		 FROM (select P.AIRPORT_NAME AIRPORTNAME,S.NAME LINENAME,S.ID SID ,AIRPORTID,FARE,OPERATIONSTIME,INTERVALTIME,PASSSTATION,STARTSTATION,ENDSTATION,DRIECTION,HOTLINE,CITYNAME
         from BTSF_PHONE_SHUTTLE S left join BTSF_BIS_AIRPORT P on P.ID=S.AIRPORTID
         <where>
		 <if test="airportName!=null and airportName!=''">
		        AND P.AIRPORT_NAME LIKE '%${airportName}%'
          </if>
		   <if test="startstation!=null and startstation!=''">
		        AND STARTSTATION LIKE '%${startstation}%'
          </if>
		  <if test="endstation!=null and endstation!=''">
		        AND ENDSTATION LIKE '%${endstation}%'
          </if>
		  <if test="cityname!=null and cityname!=''">
		        AND CITYNAME LIKE '%${cityname}%'
          </if>
          </where>
          	order by P.AIRPORT_NAME
		  	)A1
		 <![CDATA[ 
		        WHERE ROWNUM <= (#{startIndex} + #{pageSize})) A 
			    WHERE RN>#{ startIndex}
         ]]>      
	</select>
	
		<select id="countFindAllShow" parameterType="java.util.Map" resultType="int">
		select count(S.ID)
         from BTSF_PHONE_SHUTTLE S left join BTSF_BIS_AIRPORT P on P.ID=S.AIRPORTID where 1=1
		 <if test="airportName!=null and airportName!=''">
		        AND P.AIRPORT_NAME LIKE '%${airportName}%'
          </if>
		   <if test="startstation!=null and startstation!=''">
		        AND STARTSTATION LIKE '%${startstation}%'
          </if>
		  <if test="endstation!=null and endstation!=''">
		        AND ENDSTATION LIKE '%${endstation}%'
          </if>
		  <if test="cityname!=null and cityname!=''">
		        AND CITYNAME LIKE '%${cityname}%'
          </if>
	
	
	</select>
  
  <select id="find" resultMap="BaseResultMap" parameterType="String" >
    select ID,NAME,AIRPORTID,FARE,OPERATIONSTIME,INTERVALTIME,PASSSTATION,STARTSTATION,ENDSTATION,DRIECTION,HOTLINE,CITYNAME
    from BTSF_PHONE_SHUTTLE
    where
			ID = #{ id}
	  </select>
  
  <select id="findAll" resultMap="BaseResultMap">
    select ID,NAME,AIRPORTID,FARE,OPERATIONSTIME,INTERVALTIME,PASSSTATION,STARTSTATION,ENDSTATION,DRIECTION,HOTLINE,CITYNAME
    from BTSF_PHONE_SHUTTLE
  </select>
  
  <delete id="delete">
    delete from BTSF_PHONE_SHUTTLE
    where 
    ID in 
    <foreach collection="array" open="(" close=")" separator="," item="id" >
    	#{id}
    </foreach>
  </delete>
  
  <insert id="create" parameterType="cn.itkt.btsf.phone.users.po.PhoneShuttlePO" >
	 	<selectKey keyProperty="id" resultType="long" order="BEFORE">
		select S_BTSF_PHONE_SHUTTLE.nextval from dual
	</selectKey>
	 	
    insert into BTSF_PHONE_SHUTTLE (ID,NAME,AIRPORTID,FARE,OPERATIONSTIME,INTERVALTIME,PASSSTATION,STARTSTATION,ENDSTATION,DRIECTION,HOTLINE,CITYNAME)
    values (
			#{ id, javaType=long, jdbcType=NUMERIC},
				#{ name, javaType=String, jdbcType=VARCHAR},
				#{ airportid, javaType=long, jdbcType=NUMERIC},
				#{ fare, javaType=String, jdbcType=VARCHAR},
				#{ operationstime, javaType=String, jdbcType=VARCHAR},
				#{ intervaltime, javaType=String, jdbcType=VARCHAR},
				#{ passstation, javaType=String, jdbcType=VARCHAR},
				#{ startstation, javaType=String, jdbcType=VARCHAR},
				#{ endstation, javaType=String, jdbcType=VARCHAR},
				#{ driection, javaType=String, jdbcType=VARCHAR},
				#{ hotline, javaType=String, jdbcType=VARCHAR},
				#{ cityname, javaType=String, jdbcType=VARCHAR}
	    )
  </insert>

  <update id="update" parameterType="cn.itkt.btsf.phone.users.po.PhoneShuttlePO" >
    update BTSF_PHONE_SHUTTLE
    set
			NAME = #{ name, javaType=String, jdbcType=VARCHAR},
				AIRPORTID = #{ airportid, javaType=long, jdbcType=NUMERIC},
				FARE = #{ fare, javaType=String, jdbcType=VARCHAR},
				OPERATIONSTIME = #{ operationstime, javaType=String, jdbcType=VARCHAR},
				INTERVALTIME = #{ intervaltime, javaType=String, jdbcType=VARCHAR},
				PASSSTATION = #{ passstation, javaType=String, jdbcType=VARCHAR},
				STARTSTATION = #{ startstation, javaType=String, jdbcType=VARCHAR},
				ENDSTATION = #{ endstation, javaType=String, jdbcType=VARCHAR},
				DRIECTION = #{ driection, javaType=String, jdbcType=VARCHAR},
				HOTLINE = #{ hotline, javaType=String, jdbcType=VARCHAR},
				CITYNAME = #{ cityname, javaType=String, jdbcType=VARCHAR}
	    where 
			ID = #{ id}
	  </update>

<!--codegen-->

</mapper>