<?xml version="1.0" encoding="UTF-8" ?>
<!DOCTYPE mapper PUBLIC "-//ibatis.apache.org//DTD Mapper 3.0//EN" 
"http://ibatis.apache.org/dtd/ibatis-3-mapper.dtd">
<mapper namespace="cn.itkt.btsf.phone.users.dao.PhoneMailDao" >
	
  <resultMap id="BaseResultMap" type="cn.itkt.btsf.phone.users.po.PhoneMailPO" >
	<result column="ADDRESSID" property="addressid" />
	<result column="USERID" property="userid" />
	<result column="NAME" property="name" />
	<result column="POSTCODE" property="postcode" />
	<result column="POSTALADDRESS" property="postaladdress" />
  </resultMap>
  
  <select id="find" resultMap="BaseResultMap" parameterType="String" >
    select ADDRESSID,USERID,NAME,POSTCODE,POSTALADDRESS
    from BTSF_PHONE_MAIL
    where
			ADDRESSID = #{ addressid}
	  </select>
  
  <select id="findAll" resultMap="BaseResultMap" >
    select ADDRESSID,USERID,NAME,POSTCODE,POSTALADDRESS
    from BTSF_PHONE_MAIL
  </select>
  
  <delete id="delete" parameterType="String" >
    delete from BTSF_PHONE_MAIL
    where 
			ADDRESSID = #{ addressid}
	  </delete>
  
  <insert id="create" parameterType="cn.itkt.btsf.phone.users.po.PhoneMailPO" >
	 	<selectKey keyProperty="addressid" resultType="long" order="BEFORE">
		select S_BTSF_PHONE_MAIL.nextval from dual
	</selectKey>
	 	
    insert into BTSF_PHONE_MAIL (ADDRESSID,USERID,NAME,POSTCODE,POSTALADDRESS)
    values (
			#{ addressid, javaType=long, jdbcType=NUMERIC},
				#{ userid, javaType=long, jdbcType=NUMERIC},
				#{ name, javaType=String, jdbcType=VARCHAR},
				#{ postcode, javaType=String, jdbcType=VARCHAR},
				#{ postaladdress, javaType=String, jdbcType=VARCHAR}
	    )
  </insert>

  <update id="update" parameterType="cn.itkt.btsf.phone.users.po.PhoneMailPO" >
    update BTSF_PHONE_MAIL
    set
			USERID = #{ userid, javaType=long, jdbcType=NUMERIC},
				NAME = #{ name, javaType=String, jdbcType=VARCHAR},
				POSTCODE = #{ postcode, javaType=String, jdbcType=VARCHAR},
				POSTALADDRESS = #{ postaladdress, javaType=String, jdbcType=VARCHAR}
	    where 
			ADDRESSID = #{ addressid}
	  </update>

<!--codegen-->

</mapper>