<?xml version="1.0" encoding="UTF-8" ?>
<!DOCTYPE mapper PUBLIC "-//ibatis.apache.org//DTD Mapper 3.0//EN" 
"http://ibatis.apache.org/dtd/ibatis-3-mapper.dtd">
<mapper namespace="cn.itkt.btsf.phone.users.dao.TempFlightDao" >
	
  <resultMap id="BaseResultMap" type="cn.itkt.btsf.phone.users.po.TempFlightPO" >
	<result column="ID" property="id" />
	<result column="FLIGHT_STARTCITY" property="flightStartcity" />
	<result column="FLIGHT_ARRIVALCITY" property="flightArrivalcity" />
	<result column="FLIGHT_STARTDATE" property="flightStartdate" />
	<result column="FLIGHT_CABIN" property="flightCabin" />
	<result column="FLIGHT_BASECABIN" property="flightBasecabin" />
	<result column="FLIGHT_AIRLINE" property="flightAirline" />
	<result column="FLIGHT_FLIGHTNO" property="flightFlightno" />
	<result column="BTSF_TEMP_TERMINALDO_ID" property="btsfTempTerminaldoId" />
	<result column="SPECIALFLIGHT_NUM" property="specialflightNum" />
	<result column="FLIGHT_ARRIVALDATE" property="flightArrivaldate" />
	<result column="OFFICENO" property="officeno" />
	<result column="ZVALUE" property="zvalue" />
	<result column="RULESUMMARY" property="rulesummary" />
	<result column="EICOMENT" property="eicoment" />
	<result column="PRICETYPE" property="pricetype" />
	<result column="PRICEDISCOUNT" property="pricediscount" />
	<result column="OUTTIMELIMIT" property="outtimelimit" />
	<result column="CABINDISCOUNT" property="cabindiscount" />
	<result column="FLIGHTSITE" property="flightsite" />
	<result column="FLIGHTTYPE" property="flighttype" />
	<result column="ISSPECIALFLIGHTRETURN" property="isspecialflightreturn" />
	<result column="PLANETYPE" property="planetype" />
	<result column="BASEVALUE" property="basevalue" />
  </resultMap>
  
  <select id="find" resultMap="BaseResultMap" parameterType="String" >
    select ID,FLIGHT_STARTCITY,FLIGHT_ARRIVALCITY,FLIGHT_STARTDATE,FLIGHT_CABIN,FLIGHT_BASECABIN,FLIGHT_AIRLINE,FLIGHT_FLIGHTNO,BTSF_TEMP_TERMINALDO_ID,SPECIALFLIGHT_NUM,FLIGHT_ARRIVALDATE,OFFICENO,ZVALUE,RULESUMMARY,EICOMENT,PRICETYPE,PRICEDISCOUNT,OUTTIMELIMIT,CABINDISCOUNT,FLIGHTSITE,FLIGHTTYPE,ISSPECIALFLIGHTRETURN,PLANETYPE,BASEVALUE
    from BTSF_TEMP_FLIGHT
    where BTSF_TEMP_TERMINALDO_ID=#{btsfTempTerminaldoId}
  </select>
  
  <select id="findAll" resultMap="BaseResultMap" >
    select ID,FLIGHT_STARTCITY,FLIGHT_ARRIVALCITY,FLIGHT_STARTDATE,FLIGHT_CABIN,FLIGHT_BASECABIN,FLIGHT_AIRLINE,FLIGHT_FLIGHTNO,BTSF_TEMP_TERMINALDO_ID,SPECIALFLIGHT_NUM,FLIGHT_ARRIVALDATE,OFFICENO,ZVALUE,RULESUMMARY,EICOMENT,PRICETYPE,PRICEDISCOUNT,OUTTIMELIMIT,CABINDISCOUNT,FLIGHTSITE,FLIGHTTYPE,ISSPECIALFLIGHTRETURN,PLANETYPE,BASEVALUE
    from BTSF_TEMP_FLIGHT
  </select>
  
  
<!--codegen-->

</mapper>