<?xml version="1.0" encoding="UTF-8" ?>
<!DOCTYPE mapper PUBLIC "-//ibatis.apache.org//DTD Mapper 3.0//EN" 
"http://ibatis.apache.org/dtd/ibatis-3-mapper.dtd">
<mapper namespace="cn.itkt.btsf.phone.users.dao.TempPassengerDao" >
	
  <resultMap id="BaseResultMap" type="cn.itkt.btsf.phone.users.po.TempPassengerPO" >
	<result column="ID" property="id" />
	<result column="PASSENGER_NAME" property="passengerName" />
	<result column="PASSENGER_TYPE" property="passengerType" />
	<result column="PASSENGER_IDNO" property="passengerIdno" />
	<result column="PASSENGER_IDTYPE" property="passengerIdtype" />
	<result column="PASSENGER_BIRTHDAY" property="passengerBirthday" />
	<result column="PASSENGER_TELEPHONE" property="passengerTelephone" />
	<result column="PASSENGER_MILEAGECARD" property="passengerMileagecard" />
	<result column="PASSENGER_AIRLINEMILEAGECARD" property="passengerAirlinemileagecard" />
	<result column="PASSENGER_FULLPRICE" property="passengerFullprice" />
	<result column="PASSENGER_FUELTAX" property="passengerFueltax" />
	<result column="PASSENGER_AIRPORTTAX" property="passengerAirporttax" />
	<result column="BTSF_TEMP_TERMINALDO_ID" property="btsfTempTerminaldoId" />
	<result column="INSURANCECOUNT" property="insurancecount" />
	<result column="INSURANCEMONEY" property="insurancemoney" />
	<result column="PASSENGER_FULLPRICE_RETURN" property="passengerFullpriceReturn" />
	<result column="PASSENGER_FUELTAX_RETURN" property="passengerFueltaxReturn" />
	<result column="PASSENGER_AIRPORTTAX_RETURN" property="passengerAirporttaxReturn" />
	<result column="DEPT_NAME" property="deptName" />
	<result column="OPER_NAME" property="operName" />
	<result column="COST_CENTER" property="costCenter" />
  </resultMap>
  
  <select id="find" resultMap="BaseResultMap" parameterType="String" >
    select ID,PASSENGER_NAME,PASSENGER_TYPE,PASSENGER_IDNO,PASSENGER_IDTYPE,PASSENGER_BIRTHDAY,PASSENGER_TELEPHONE,PASSENGER_MILEAGECARD,PASSENGER_AIRLINEMILEAGECARD,PASSENGER_FULLPRICE,PASSENGER_FUELTAX,PASSENGER_AIRPORTTAX,BTSF_TEMP_TERMINALDO_ID,INSURANCECOUNT,INSURANCEMONEY,PASSENGER_FULLPRICE_RETURN,PASSENGER_FUELTAX_RETURN,PASSENGER_AIRPORTTAX_RETURN,DEPT_NAME,OPER_NAME,COST_CENTER
    from BTSF_TEMP_PASSENGER  
    where BTSF_TEMP_TERMINALDO_ID = #{btsfTempTerminaldoId}
  </select>
  
  <select id="findAll" resultMap="BaseResultMap" >
    select ID,PASSENGER_NAME,PASSENGER_TYPE,PASSENGER_IDNO,PASSENGER_IDTYPE,PASSENGER_BIRTHDAY,PASSENGER_TELEPHONE,PASSENGER_MILEAGECARD,PASSENGER_AIRLINEMILEAGECARD,PASSENGER_FULLPRICE,PASSENGER_FUELTAX,PASSENGER_AIRPORTTAX,BTSF_TEMP_TERMINALDO_ID,INSURANCECOUNT,INSURANCEMONEY,PASSENGER_FULLPRICE_RETURN,PASSENGER_FUELTAX_RETURN,PASSENGER_AIRPORTTAX_RETURN,DEPT_NAME,OPER_NAME,COST_CENTER
    from BTSF_TEMP_PASSENGER
  </select>


<!--codegen-->

</mapper>