<?xml version="1.0" encoding="UTF-8" ?>
<!DOCTYPE mapper PUBLIC "-//ibatis.apache.org//DTD Mapper 3.0//EN" 
"http://ibatis.apache.org/dtd/ibatis-3-mapper.dtd">
<mapper namespace="cn.itkt.btsf.phone.users.dao.TemPNRDao" >
	
  <resultMap id="BaseResultMap" type="cn.itkt.btsf.phone.users.po.TemPNRPO" >
	<result column="ID" property="id" />
	<result column="PNR_NO" property="pnrNo" />
	<result column="PNR_ID" property="pnrId" />
	<result column="PASSENGER_TYPE" property="passengerType" />
	<result column="BTSF_TEMP_TERMINALDO_ID" property="btsfTempTerminaldoId" />
	<result column="FLIGHTSITE" property="flightsite" />
	<result column="SC_JGKH" property="scJgkh" />
	<result column="SOURCE" property="source" />
	<result column="POLICYID" property="policyid" />
  </resultMap>
  
  <select id="find" resultMap="BaseResultMap" parameterType="String" >
    select ID,PNR_NO,PNR_ID,PASSENGER_TYPE,BTSF_TEMP_TERMINALDO_ID,FLIGHTSITE,SC_JGKH,SOURCE,POLICYID
    from BTSF_ORDER_TMP_PNR
    where BTSF_TEMP_TERMINALDO_ID=#{btsfTempTerminaldoId}
  </select>
  
  <select id="findAll" resultMap="BaseResultMap" >
    select ID,PNR_NO,PNR_ID,PASSENGER_TYPE,BTSF_TEMP_TERMINALDO_ID,FLIGHTSITE,SC_JGKH,SOURCE,POLICYID
    from BTSF_ORDER_TMP_PNR
  </select>
  

  
  
<!--codegen-->

</mapper>