<?xml version="1.0" encoding="UTF-8" ?>
<!DOCTYPE mapper PUBLIC "-//ibatis.apache.org//DTD Mapper 3.0//EN" 
"http://ibatis.apache.org/dtd/ibatis-3-mapper.dtd">
<mapper namespace="cn.itkt.btsf.hotel.dao.HotelDao">
	<resultMap id="AccountListMap" type="cn.itkt.btsf.hotel.po.HotelAccountInfoPO">
		<result column="ID" property="id" />
	</resultMap>
	<resultMap id="BaseResultMap" type="cn.itkt.btsf.hotel.vo.HotelCityInfoVo">
		<result column="ID" property="id" />
		<result column="CITYCODE" property="cityCode" />
		<result column="CITYENGLISHNAME" property="cityEnglishName" />
		<result column="CITYNAME" property="cityName" />
		<result column="CITYPINYIN" property="cityPinyin" />
		<result column="CITYPYFW" property="cityPyfw" />
	</resultMap>
	<resultMap id="DSTResultMap" type="cn.itkt.btsf.hotel.po.DistrictPO">
		<result column="ID" property="id" />
		<result column="CITYNAME" property="cityName" />
		<result column="PROVINCE" property="province" />
		<result column="CITYCODE" property="cityCode" />
		<result column="DISTRICTCODE" property="districtCode" />
		<result column="DISTRICTNAME" property="districtName" />
	</resultMap>
	<resultMap id="COMMResultMap" type="cn.itkt.btsf.hotel.po.CommercialPO">
		<result column="ID" property="id" />
		<result column="CITYCODE" property="cityCode" />
		<result column="CITYNAME" property="cityName" />
		<result column="PROVINCE" property="province" />
		<result column="COMMERCIALCODE" property="commercialCode" />
		<result column="DISTRICTNAMECOMMERCIALNAME" property="districtNameCommercialName" />
	</resultMap>
	<resultMap id="LMResultMap" type="cn.itkt.btsf.hotel.po.LandmarkPO">
		<result column="ID" property="id" />
		<result column="CITYCODE" property="cityCode" />
		<result column="CITYNAME" property="cityName" />
		<result column="PROVINCE" property="province" />
		<result column="LANDMARKCODE" property="landmarkCode" />
		<result column="LANDMARKNAME" property="landmarkName" />
	</resultMap>
	<resultMap id="OrderInfoPoMap" type="cn.itkt.btsf.hotel.po.OrderInfoPO">
		<result column="ID" property="id" />
		<result column="TERMINALID" property="terminalid" />
		<result column="CHECKINDATE" property="checkindate" />
		<result column="CHECKOUTDATE" property="checkoutdate" />
		<result column="PAYMENT" property="payment" />
		<result column="ARRIVEEARLYTIME" property="arriveearlytime" />
		<result column="ARRIVELATETIME" property="arrivelatetime" />
		<result column="TOTALPRICE" property="totalprice" />
		<result column="ORDERID" property="orderid" />
		<result column="GUESTNAME" property="guestname" />
		<result column="CONTACTPHONE" property="contactphone" />
		<result column="LCDRETURNFEE" property="lcdreturnfee" />
		<result column="EMAIL" property="email" />
		<result column="GUESTTYPE" property="guesttype" />
		<result column="ISOPERATE" property="isoperate" />
		<result column="CREATETIME" property="createtime" />
		<result column="LCDORDERID" property="lcdorderid" />
		<result column="OPERATETIME" property="operatetime" />
		<result column="USERID" property="userid" />
		
		<result column="USERTYPE" property="usertype" />
		<result column="ORDERSTATE" property="orderstate" />
		<result column="ORDERSOURCE" property="ordersource" />
		<result column="CONTACTNAME" property="contactname" />
		<result column="ORDERMESSAGE" property="ordermessage" />
	</resultMap>
	<resultMap id="HotelInfoPoMap" type="cn.itkt.btsf.hotel.po.HotelInfoPO">
		<result column="ID" property="id" />
		<result column="RESORDERID" property="resorderid" />
		<result column="HOTELCODE" property="hotelcode" />
		<result column="HOTELNAME" property="hotelname" />
		<result column="CITYNAME" property="cityname" />
		<result column="BRANDNAME" property="brandname" />
		<result column="QUANTITY" property="quantity" />
		<result column="RATEPLANID" property="rateplanid" />
		<result column="BEDTYPE" property="bedtype" />
		<result column="ROOMNAME" property="roomname" />
		<result column="ROOMTYPEID" property="roomtypeid" />
		<result column="RATEPLANNAME" property="rateplanname" />
		<result column="HOTELADDRESS" property="hoteladdress" />
		<result column="NOTETOELONG" property="notetoelong" />
		
	</resultMap>
	<resultMap id="GuarantyInfoPOMap" type="cn.itkt.btsf.hotel.po.GuarantyInfoPO">
		<result column="ID" property="id" />
		<result column="RESORDERID" property="resorderid" />
		<result column="GUARANTEETYPE" property="guaranteetype" />
		<result column="BANKNAME" property="bankname" />
		<result column="CVV2" property="cvv2" />
		<result column="OWNERNAME" property="ownername" />
		<result column="CARDNUM" property="cardnum" />
		<result column="VALIDDATE" property="validdate" />
		<result column="IDTYPECODE" property="idtypecode" />
		<result column="IDNUMBER" property="idnumber" />
		<result column="VAUCHMONEY" property="vauchmoney" />
	</resultMap>
	<select id="findIdByLcdId" resultType="cn.itkt.btsf.hotel.po.OrderInfoPO" parameterType="String">
    	SELECT * from BTSF_HOTEL_SUBMIT_ORDER
    	WHERE lcdorderid = #{lcdOrderId}
    </select>
	<select id="findOrderInfo" resultType="cn.itkt.btsf.hotel.po.OrderInfoPO" parameterType="Long">
    	SELECT * from BTSF_HOTEL_SUBMIT_ORDER
    	WHERE id = #{orderId}
    </select>
	<select id="findOrderHotelInfo" resultType="cn.itkt.btsf.hotel.po.HotelInfoPO" parameterType="Long">
    	SELECT * from BTSF_HOTEL_SUBMIT_HOTELINFO
    	WHERE RESORDERID = #{orderId}
    </select>
	<select id="findOrderGuarantyInfo" resultType="cn.itkt.btsf.hotel.po.GuarantyInfoPO" parameterType="Long">
    	SELECT * from BTSF_HOTEL_SUBMIT_GUARANTEE
    	WHERE RESORDERID = #{orderId}
    </select>
	<select id="findHotelCities" resultMap="BaseResultMap" parameterType="java.util.Map">
		select  ID, 
				CITYCODE, 
				CITYNAME,
				CITYENGLISHNAME,
				CITYPINYIN,
		        CITYPYFW
		from    BTSF_HOTEL_BASIC_DATA_CITYINFO
		where 
		        CITYNAME like '%${cityName}%'
		        or CITYENGLISHNAME like  '%${cityName}%'
		        or CITYPINYIN like '%${cityName}%'
		        or CITYPYFW like '%${cityName}%'
    </select>
	<select id="findHotelDst" resultMap="DSTResultMap" parameterType="java.util.Map">
		select  D.ID,
				C.CITYNAME,
				C.PROVINCE,
				D.CITYCODE,
				D.DISTRICTCODE,
				D.DISTRICTNAME
		from    
				BTSF_HOTEL_BASIC_DATA_DST D
		LEFT JOIN 
				BTSF_HOTEL_BASIC_DATA_CITYINFO C
		ON 		D.CITYCODE = C.CITYCODE
		where 
		        D.CITYCODE = #{cityCode}
    </select>
	<select id="findHotelComm" resultMap="COMMResultMap" parameterType="java.util.Map">
		select  D.ID,
				D.CITYCODE,
				C.CITYNAME,
				C.PROVINCE,
				D.COMMERCIALCODE,
				D.DISTRICTNAMECOMMERCIALNAME
		from    BTSF_HOTEL_BASIC_DATA_COMM D
		LEFT JOIN 
				BTSF_HOTEL_BASIC_DATA_CITYINFO C
		ON 		D.CITYCODE = C.CITYCODE
		where 
		        D.CITYCODE = #{cityCode}
    </select>
	<select id="findHotelLm" resultMap="LMResultMap" parameterType="java.util.Map">
		select  D.ID,
				D.CITYCODE,
				C.CITYNAME,
				C.PROVINCE,
				D.LANDMARKCODE,
				D.LANDMARKNAME
		from    BTSF_HOTEL_BASIC_DATA_LANDMARK D
		LEFT JOIN 
				BTSF_HOTEL_BASIC_DATA_CITYINFO C
		ON 		D.CITYCODE = C.CITYCODE
		where 
		        D.CITYCODE = #{cityCode}
    </select>
    <select id="findHotelInfo" resultType="cn.itkt.btsf.hotel.localvo.HotelInfoVO" parameterType="string">
    	SELECT 	I.ID HOTELID,
		       	I.HOTELNAME,
		       	I.HOTELADDRESS,
		       	I.ZIP,
		       	I.AVAILPOLICY,
		       	I.INTROEDITOR,
		       	I.DESCRIPTION,
		       	I.ISECONOMIC,
		       	I.PHONE,
		       	I.LANDMARKIDS,
		       	I.HOTELENNAME,
		       	I.CITYID,
			   	A.TRAFFICANDAROUNDINFORMATIONS,
				A.DININGAMENITIES,
				A.GENERALAMENITIES,
				A.RECREATIONAMENITIES
		  FROM BTSF_HOTEL_BASIC_HOTELINFO I
		  LEFT JOIN BTSF_HOTEL_BASIC_HOTELINFOADD A
		    ON I.ID = A.HOTELID
			WHERE I.HOTELCODE=#{hotelId}
    </select>
    <select id="findPrimaryIdByElongId" resultType="long" parameterType="string">
    	SELECT ID FROM BTSF_HOTEL_SUBMIT_ORDER WHERE ORDERID=#{elongId}
    </select>
    <select id="findHotelInfoByElongId" resultType="cn.itkt.btsf.hotel.localvo.HotelOrderInfoVO" parameterType="string">
    	SELECT O.ID,
		       O.ORDERID,
		       O.LCDORDERID,
		       O.CREATETIME,
		       O.ORDERSTATE,
		       BH.CATEGORY,
		       H.HOTELADDRESS,
		       BH.PHONE,
		       substr(O.CHECKINDATE,0,10) CHECKINDATE, 
			   substr(O.CHECKOUTDATE,0,10) CHECKOUTDATE,
		       H.ROOMNAME,
		       H.QUANTITY,
		       O.TOTALPRICE,
		       O.ARRIVEEARLYTIME,
		       O.ARRIVELATETIME,
		       O.GUESTNAME,
		       O.CONTACTNAME,
		       O.CONTACTPHONE,
		       H.NOTETOELONG,
		       H.HOTELNAME,
		       H.HOTELCODE,
		       O.REMARK,
		       O.LAST_OPERATOR lastOperator,
		       O.USERID,
		       O.USERTYPE,
		       O.LCDORDERSTATE,
		       O.ORDERSOURCE
		  FROM BTSF_HOTEL_SUBMIT_ORDER O
		  LEFT JOIN BTSF_HOTEL_SUBMIT_HOTELINFO H
		    ON O.ID = H.RESORDERID
		  LEFT JOIN BTSF_HOTEL_BASIC_HOTELINFO BH
		    ON H.HOTELCODE = BH.HOTELCODE
		 WHERE O.ORDERID=#{elongId}
    </select>
    <update id="updateOrderUser" parameterType="cn.itkt.btsf.hotel.localvo.HotelOrderInfoVO" >
    	UPDATE BTSF_HOTEL_SUBMIT_ORDER O
		   SET O.USERID       = #{userId,javaType=Long,jdbcType=NUMERIC},
		       O.USERTYPE     = #{userType,javaType=String,jdbcType=VARCHAR},
		       <!--  O.CONTACTPHONE = #{contactPhone,javaType=String,jdbcType=VARCHAR},
		       O.CONTACTNAME  = #{contactName,javaType=String,jdbcType=VARCHAR},-->
		       O.OPERATETIME=SYSDATE,
	      	   O.LAST_OPERATOR=#{lastOperator,javaType=String,jdbcType=VARCHAR}
		 WHERE O.ID = #{id}
    </update>
    <update id="cancelOrderStateByElongId" parameterType="hashmap">
    	UPDATE BTSF_HOTEL_SUBMIT_ORDER O
	       SET O.ORDERSTATE = 'D',
	      	   O.LCDORDERSTATE = '3',
	      	   O.OPERATETIME=SYSDATE,
	      	   O.LAST_OPERATOR=#{operator}
	     WHERE O.ORDERID = #{elongId}
    </update>
    <update id="updateOrderRemark" parameterType="cn.itkt.btsf.hotel.localvo.HotelOrderInfoVO">
    	UPDATE BTSF_HOTEL_SUBMIT_ORDER O
		   SET O.REMARK = #{remark}, O.OPERATETIME = SYSDATE, O.LAST_OPERATOR = #{lastOperator}
		 WHERE O.ID = #{id}
    </update>
    <select id="findLandMarkByHotelMark" parameterType="hashmap" resultType="string">
    	SELECT L.LANDMARKNAME
		  FROM BTSF_HOTEL_BASIC_DATA_LANDMARK L
		 WHERE L.LANDMARKCODE IN (${landMarkids}) AND L.CITYCODE=#{cityId}

    </select>
    <select id="countOrderByElongId" parameterType="string" resultType="int">
		SELECT COUNT(*) FROM BTSF_HOTEL_SUBMIT_ORDER O WHERE O.ORDERID=TRIM(#{elongId})
    </select>
    <select id="findHotelAccounts" parameterType="hashmap" resultMap="AccountListMap">
		select *
		from 
			BTSF_V_HOTEL_ACCOUNT so
		where 1=1 
		<if test="checkinDate != null and checkinDate != ''">
			<![CDATA[	and substr(so.CHECKOUTDATE,0,10) >= to_char(#{checkinDate},'yyyy-MM-dd')]]>
		</if>
		<if test="checkoutDate != null and checkoutDate != ''">
			<![CDATA[	and substr(so.CHECKOUTDATE,0,10) <= to_char(#{checkoutDate},'yyyy-MM-dd')]]>
			
		</if>
    </select>
    <select id="findHotelAccountsTotal" parameterType="hashmap" resultType="cn.itkt.btsf.hotel.po.HotelAccountResult">
    
	    select 
	    	sum(va.commission) totalCommission ,
	  		sum(va.bonuspunish) rewardPunishAmount,
	 		sum(va.quantitydays) validQuantityDay
		from btsf_v_hotel_account va 
		where 1=1 
			<if test="checkinDate != null and checkinDate != ''">
				<![CDATA[	and substr(va.CHECKOUTDATE,0,10) >= to_char(#{checkinDate},'yyyy-MM-dd')]]>
			</if>
			<if test="checkoutDate != null and checkoutDate != ''">
				<![CDATA[	and substr(va.CHECKOUTDATE,0,10) <= to_char(#{checkoutDate},'yyyy-MM-dd')]]>
			</if>
    </select>
    <select id="findQuantityDaysTotal" parameterType="hashmap" resultType="int">
    
		 select 
		 	sum((to_date(substr(so.checkoutdate, 0, 10),'yyyy-mm-dd')- to_date(substr(so.checkindate, 0, 10),'yyyy-mm-dd'))*sh.quantity) quantitydays
		 from 
		 	btsf_hotel_submit_order so
		 inner join 
		 	btsf_hotel_submit_hotelinfo sh
		 on 
		 	so.id         = sh.RESORDERID
		 where 1=1 and so.orderid >0
			<if test="checkinDate != null and checkinDate != ''">
				<![CDATA[	and substr(so.CHECKOUTDATE,0,10) >= to_char(#{checkinDate},'yyyy-MM-dd')]]>
			</if>
			<if test="checkoutDate != null and checkoutDate != ''">
				<![CDATA[	and substr(so.CHECKOUTDATE,0,10) <= to_char(#{checkoutDate},'yyyy-MM-dd')]]>
			</if>
    </select>
      <select id="newFindHotelAccounts" parameterType="hashmap" resultMap="AccountListMap">
    	select 
    		  so.id,
			  so.lcdorderid,
			  so.orderid,
			  so.checkindate,
			  so.checkoutdate,
			  sh.hotelname,
			  so.guestname,
			  sh.quantity,
			  (to_date(substr(so.checkoutdate, 0, 10),'yyyy-mm-dd')- to_date(substr(so.checkindate, 0, 10),'yyyy-mm-dd'))*sh.quantity quantitydays, 
			  so.totalprice,
		case
			  when 
			  	(select 
			  		sum((to_date(substr(so.checkoutdate, 0, 10),'yyyy-mm-dd')- to_date(substr(so.checkindate, 0, 10),'yyyy-mm-dd'))*sh.quantity) quantitydays
			     from 
			     	btsf_hotel_submit_order so
			     inner join 
			     	btsf_hotel_submit_hotelinfo sh
			     on 
			      	so.id            = sh.RESORDERID
			     where 
			     	so.orderstate = 'C'
			     and 
			     	so.orderid      >0
		     	<if test="checkinDate != null and checkinDate != ''">
					<![CDATA[	and substr(so.CHECKOUTDATE,0,10) >= to_char(#{checkinDate},'yyyy-MM-dd')]]>
				</if>
				<if test="checkoutDate != null and checkoutDate != ''">
					<![CDATA[	and substr(so.CHECKOUTDATE,0,10) <= to_char(#{checkoutDate},'yyyy-MM-dd')]]>
				</if>
			     ) > 100
			  then (so.totalprice                                                   *0.08)
			  when 
			  	(select 
			  		sum((to_date(substr(so.checkoutdate, 0, 10),'yyyy-mm-dd')- to_date(substr(so.checkindate, 0, 10),'yyyy-mm-dd'))*sh.quantity) quantitydays
			     from 
			     	btsf_hotel_submit_order so
			     inner join 
			     	btsf_hotel_submit_hotelinfo sh
			     on 
			     	so.id = sh.RESORDERID
			     where 
			     	so.orderstate = 'C'
			     and 
			     	so.orderid      >0
		     	<if test="checkinDate != null and checkinDate != ''">
					<![CDATA[	and substr(so.CHECKOUTDATE,0,10) >= to_char(#{checkinDate},'yyyy-MM-dd')]]>
				</if>
				<if test="checkoutDate != null and checkoutDate != ''">
					<![CDATA[	and substr(so.CHECKOUTDATE,0,10) <= to_char(#{checkoutDate},'yyyy-MM-dd')]]>
				</if>
			     	) <![CDATA[<=]]> 100
			   then (so.totalprice*0.07)
		end commission, 
		case
			 when ((
			 	select 
			 		sum((to_date(substr(so.checkoutdate, 0, 10),'yyyy-mm-dd')- to_date(substr(so.checkindate, 0, 10),'yyyy-mm-dd'))*sh.quantity) quantitydays
					    from 
					    	btsf_hotel_submit_order so
					    inner join 
					    	btsf_hotel_submit_hotelinfo sh
					    on 
					    	so.id            = sh.RESORDERID
					    where 
					    	so.orderstate = 'C'
					    and 
					    	so.orderid      >0
					    <if test="checkinDate != null and checkinDate != ''">
							<![CDATA[	and substr(so.CHECKOUTDATE,0,10) >= to_char(#{checkinDate},'yyyy-MM-dd')]]>
						</if>
						<if test="checkoutDate != null and checkoutDate != ''">
							<![CDATA[	and substr(so.CHECKOUTDATE,0,10) <= to_char(#{checkoutDate},'yyyy-MM-dd')]]>
						</if>
					    	
					    	)                                          
					    							/
					    (
					    select 
					    		sum((to_date(substr(so.checkoutdate, 0, 10),'yyyy-mm-dd')- to_date(substr(so.checkindate, 0, 10),'yyyy-mm-dd'))*sh.quantity) quantitydays
					    from 
					    	btsf_hotel_submit_order so
					    inner join 
					    	btsf_hotel_submit_hotelinfo sh
					    on 
					    	so.id         = sh.RESORDERID
					    where 
					    	so.orderid >0
					    <if test="checkinDate != null and checkinDate != ''">
							<![CDATA[	and substr(so.CHECKOUTDATE,0,10) >= to_char(#{checkinDate},'yyyy-MM-dd')]]>
						</if>
						<if test="checkoutDate != null and checkoutDate != ''">
							<![CDATA[	and substr(so.CHECKOUTDATE,0,10) <= to_char(#{checkoutDate},'yyyy-MM-dd')]]>
						</if>
					      					))               >0.65
					then (
						(to_date(substr(so.checkoutdate, 0, 10),'yyyy-mm-dd') - to_date(substr(so.checkindate, 0, 10),'yyyy-mm-dd'))*sh.quantity)*2
					when ((
						select 
							sum((to_date(substr(so.checkoutdate, 0, 10),'yyyy-mm-dd')- to_date(substr(so.checkindate, 0, 10),'yyyy-mm-dd'))*sh.quantity) quantitydays
					    from 
					    	btsf_hotel_submit_order so
					    inner join 
					    	btsf_hotel_submit_hotelinfo sh
					    on 
					    	so.id            = sh.RESORDERID
					    where 
					    	so.orderstate = 'C'
					    and 
					    	so.orderid      >0
					    <if test="checkinDate != null and checkinDate != ''">
							<![CDATA[	and substr(so.CHECKOUTDATE,0,10) >= to_char(#{checkinDate},'yyyy-MM-dd')]]>
						</if>
						<if test="checkoutDate != null and checkoutDate != ''">
							<![CDATA[	and substr(so.CHECKOUTDATE,0,10) <= to_char(#{checkoutDate},'yyyy-MM-dd')]]>
						</if>					    	
					    )                                          /
					    (
					    select 
					    	sum((to_date(substr(so.checkoutdate, 0, 10),'yyyy-mm-dd')- to_date(substr(so.checkindate, 
		
		0, 10),'yyyy-mm-dd'))*sh.quantity) quantitydays
					    from 
					    	btsf_hotel_submit_order so
					    inner join 
					    	btsf_hotel_submit_hotelinfo sh
					    on 
					    	so.id         = sh.RESORDERID
					    where 
					    	so.orderid >0
					    <if test="checkinDate != null and checkinDate != ''">
							<![CDATA[	and substr(so.CHECKOUTDATE,0,10) >= to_char(#{checkinDate},'yyyy-MM-dd')]]>
						</if>
						<if test="checkoutDate != null and checkoutDate != ''">
							<![CDATA[	and substr(so.CHECKOUTDATE,0,10) <= to_char(#{checkoutDate},'yyyy-MM-dd')]]>
						</if>
					      					))               <![CDATA[<]]>0.5
					then ((to_date(substr(so.checkoutdate, 0, 10),'yyyy-mm-dd')- to_date(substr(so.checkindate, 0, 10),'yyyy-mm-dd'))*sh.quantity)*-2
					else 0
				end bonuspunish 
		from 
			btsf_hotel_submit_order so
		inner join 
			btsf_hotel_submit_hotelinfo sh
		on 
			so.id            = sh.RESORDERID
		where 
			so.orderstate = 'C'
		and 
			so.orderid      >0
 	    <if test="checkinDate != null and checkinDate != ''">
		<![CDATA[	and to_date(substr(so.CHECKOUTDATE,0,10),'yyyy-MM-dd') >= #{checkinDate} ]]>
		</if>
		<if test="checkoutDate != null and checkoutDate != ''">
			<![CDATA[	and to_date(substr(so.CHECKOUTDATE,0,10), 'yyyy-MM-dd') <= #{checkoutDate}]]>
		</if>
		order by 
			so.lcdorderid,
			so.orderid ,
			so.checkindate,
			so.totalprice
    </select>

</mapper>