<?xml version="1.0" encoding="UTF-8" ?>
<!DOCTYPE mapper PUBLIC "-//ibatis.apache.org//DTD Mapper 3.0//EN" 
"http://ibatis.apache.org/dtd/ibatis-3-mapper.dtd">
<mapper namespace="cn.itkt.btsf.phone.returnticket.dao.ReturnTicketDao" >
	
  <resultMap id="BaseResultMap" type="cn.itkt.btsf.phone.returnticket.po.ReturnTicketPO" >
	<result column="ID" property="id" />
	<result column="TICKETNO" property="ticketno" />
	<result column="ADDTIME" property="addtime" />
	<result column="STATE" property="state" />
	<result column="USERID" property="userid" />
	<result column="REFUNDTYPE" property="refundtype" />
	<result column="REFUNDRATE" property="refundRate" />
	<result column="REFUNDPRICE" property="refundPrice" />
	<result column="TELEPHONE" property="telephone" />
	
  </resultMap>
  <resultMap id="Mysesultmap" type="cn.itkt.btsf.sys.cc.national.po.TicketInfoPO">
    <result column="TICKET_NO" property="ticketNo"/>
    <result column="SALETIME" property="saletime"/>
  </resultMap>
  <select id="find" resultMap="BaseResultMap" parameterType="Long" >
    select ID,TICKETNO,ADDTIME,STATE,USERID,REFUNDTYPE,REFUNDRATE,REFUNDPRICE
    from BTSF_PHONE_RETURNTICKET
    where ID=#{id}
  </select>
  <select id="findByTicketNo" resultMap="BaseResultMap" parameterType="String" >
    select t.ID,t.TICKETNO,t.ADDTIME,t.STATE,t.USERID,t.REFUNDTYPE,t.REFUNDRATE,t.REFUNDPRICE,pu.TELEPHONE
    from BTSF_PHONE_RETURNTICKET t left join btsf_phone_users pu on pu.userid = t.userid 
    where TICKETNO=#{ticketNo}
  </select>
  <select id="count" parameterType="java.util.Map" resultType="int">
  	select count(r.id) from BTSF_PHONE_RETURNTICKET r,BTSF_PHONE_USERS u
    where r.userid=u.userid  
    <if test="telephone!=null and telephone!=''">
    	and u.telephone like '%${telephone}%'
    </if>     
    <if test="addtime!=null and addtime!=''">
    	and to_char(r.ADDTIME,'yyyy-MM-dd')=#{addtime}
    </if>
    <if test="ticketno!=null and ticketno!=''">
    	and r.TICKETNO like '%${ticketno}%'
    </if>
  </select>
  <select id="findAll" parameterType="java.util.Map" resultMap="BaseResultMap" >
               select   
                         ID,
                         TICKETNO,
                         ADDTIME,
                         STATE,
                         USERID,
                         name,
                         telephone,
                         REFUNDTYPE
           from (select ROWNUM RN, 
                         t.ID,
                         t.TICKETNO,
                         t.ADDTIME,
                         t.STATE,
                         t.USERID,
                         t.name,
                         t.telephone,
                         t.REFUNDTYPE
                   from (
                          select r.ID,
                                 r.TICKETNO,
                                 r.ADDTIME,
                                 r.STATE,
                                 r.USERID,
                                 u.name,
                                 u.telephone,
                                 r.REFUNDTYPE
                          from BTSF_PHONE_RETURNTICKET r,BTSF_PHONE_USERS u
                          where r.userid=u.userid
                          <if test="telephone!=null and telephone!=''">
                          	and u.telephone like '%${telephone}%'
                          </if>     
                          <if test="addtime!=null and addtime!=''">
                          	and to_char(r.ADDTIME,'yyyy-MM-dd')=#{addtime}
                          </if> 
                          <if test="ticketno!=null and ticketno!=''">
                          	and r.TICKETNO like '%${ticketno}%'
                          </if>                                        
                   ORDER BY r.STATE,r.ADDTIME desc
                   )t
           <![CDATA[
      where ROWNUM <= (#{startIndex}+#{pageSize})) where RN>#{ startIndex}
      ]]>
  </select>
  <select id="findchecktime" resultMap="Mysesultmap">
      select t.TICKET_NO,t.SALETYPE,t.SALETIME from BTSF_SYS_TICKET_INFO t 
       <![CDATA[ where sysdate-t.SALETIME < 1  ]]>
  </select>
  <delete id="delete" parameterType="Long" >
    delete from BTSF_PHONE_RETURNTICKET
    where ID=#{id}
  </delete>
  
  <insert id="create" parameterType="cn.itkt.btsf.phone.returnticket.po.ReturnTicketPO" >	  	
    insert into BTSF_PHONE_RETURNTICKET (ID,TICKETNO,ADDTIME,STATE,USERID,REFUNDTYPE)
    values (
				S_BTSF_PHONE_RETURNTICKET.NEXTVAL,
				#{ ticketno, javaType=String, jdbcType=VARCHAR},
				#{ addtime, javaType=Date, jdbcType=TIMESTAMP},
				#{ state, javaType=String, jdbcType=VARCHAR},
				#{ userid, javaType=long, jdbcType=NUMERIC},
				#{ refundtype, javaType=String, jdbcType=VARCHAR}
	    )
  </insert>

  <update id="update" parameterType="cn.itkt.btsf.phone.returnticket.po.ReturnTicketPO" >
    update BTSF_PHONE_RETURNTICKET
    set
			    ID = #{ id, javaType=long, jdbcType=NUMERIC},
				TICKETNO = #{ ticketno, javaType=String, jdbcType=VARCHAR},
				ADDTIME = #{ addtime, javaType=Date, jdbcType=TIMESTAMP},
				STATE = #{ state, javaType=String, jdbcType=VARCHAR},
				USERID = #{ userid, javaType=long, jdbcType=NUMERIC},
				REFUNDTYPE = #{ refundtype, javaType=String, jdbcType=VARCHAR}
	    where ID=#{id}
  </update>
  <update id="updateStateByTicketNo" parameterType="String">
    update BTSF_PHONE_RETURNTICKET
    set
	    STATE = 1
    where TICKETNO = #{ticketNo}
  </update>
  <select id="isFirstByOrderId" parameterType="long" resultType="integer">
  	select count(o.id) from BTSF_SYS_ORDER_INFO o left join BTSF_SYS_TICKET_INFO t on t.order_id = o.id where t.TICKETREALSTATE=2 
  	and o.CLEAROBJECT_NAME=(select CLEAROBJECT_NAME from BTSF_SYS_ORDER_INFO where id=#{orderId}) 
  </select>
<!--codegen-->
<select id="findstate" parameterType="String" resultType="cn.itkt.btsf.phone.returnticket.po.ReturnTicketPO">
	    SELECT distinct* FROM BTSF_PHONE_RETURNTICKET a WHERE a.TICKETNO = #{tickno}
	</select>
</mapper>