<?xml version="1.0" encoding="UTF-8" ?>
<!DOCTYPE mapper PUBLIC "-//ibatis.apache.org//DTD Mapper 3.0//EN" 
"http://ibatis.apache.org/dtd/ibatis-3-mapper.dtd">
<mapper namespace="cn.itkt.btsf.callcenter.refundandwaste.dao.RefundAndWasteTicketDao" >
	
  <resultMap id="BaseResultMap" type="cn.itkt.btsf.callcenter.refundandwaste.po.RefundAndWasteTicketPO" >
	<result column="ID" property="id" />
	<result column="REQUISITION_CODE" property="requisitionCode" />
	<result column="PROPOSER_ID" property="proposerId" />
	<result column="PROPOSER_NAME" property="proposerName" />
	<result column="PROPOSER_DATE" property="proposerDate" />
	<result column="PROPOSER_TYPE" property="proposerType" />
	<result column="NODE_NAME" property="nodeName" />
	<result column="TICKET_ID" property="ticketId" />
	<result column="TICKET_NO" property="ticketNo" />
	<result column="ORDER_ID" property="orderId" />
	<result column="PROCESS_ID" property="processId" />
	<result column="REFUND_REQ_ID" property="refundReqId" />
	<result column="REFUND_WAY" property="refundWay" />
	<result column="TICKET_MONEY" property="ticketMoney" />
	<result column="RATE" property="rate" />
	<result column="FEE" property="fee" />
	<result column="REFUND_CASH" property="refundCash" />
	<result column="REFUND_COIN" property="refundCoin" />
	<result column="DEDUCT_CASH" property="deductCash" />
	<result column="DEDUCT_COIN" property="deductCoin" />
	<result column="INSURANCE" property="insurance" />
	<result column="NEED_SMS" property="needSms" />
	<result column="NEED_BILL" property="needBill" />
	<result column="RECEIPT_MARK_TIME" property="receiptMarkTime" />
	<result column="RECEIPT_MARK_STAFF" property="receiptMarkStaff" />
	<result column="RECEIPT_CODE" property="receiptCode" />
	<result column="RECEIPT_RETURN_TYPE" property="receiptReturnType" />
	<result column="APPROVER" property="approver" />
	<result column="BILL_SEND_ADDRESS" property="billSendAddress" />
	<result column="BILL_POST_CODE" property="billPostCode" />
	<result column="BILL_RECIPIENT" property="billRecipient" />
	<result column="BILL_POST_TYPE" property="billPostType" />
	<result column="PUTCARD_NAME" property="putcardName" />
	<result column="OPENCARD_PLACE" property="opencardPlace" />
	<result column="BANKCARD_NUMBER" property="bankcardNumber" />
	<result column="SMS_TYPE" property="smsType" />
	<result column="SMS_MANNAME" property="smsManname" />
	<result column="SMS_MANNUMBER" property="smsMannumber" />
	<result column="PRINT_STATUS" property="printStatus" />
	<result column="IFOUTDATE" property="ifoutdate" />
	<result column="FILE_NAME" property="fileName" />
	<result column="IFREFUND" property="ifrefund" />
	<result column="NEED_REFUNDFEE" property="needRefundfee" />
	<result column="PASSENGER" property="passenger" />
	<result column="REFUND_VOLUNTARY" property="refundVoluntary" />
	<result column="REMARK" property="remark" />
	<result column="REFUNDSTATUS" property="refundstatus"/>
  </resultMap>
  <resultMap id="Querymap" type="cn.itkt.btsf.callcenter.refundandwaste.vo.RefundWasteConditionVO">
  	<result column="ID" property="id"/>
	<result column="Requisition_Code" property="requisitionCode" />
	<result column="NODE_NAME" property="nodename" />
	<result column="ORDER_NO" property="orderNo" />
	<result column="PASSENGER" property="passenger" />
	<result column="ticket_no" property="ticketno" />
	<result column="Takeofftime" property="takeofftime" />
	<result column="Takeofflocus" property="takeofflocus" />
	<result column="Airteamnum" property="airteamnum" />
	<result column="ARRIVELOCUS" property="arrivelocus" />
	<result column="Cabin_Level" property="cabinLevel" />
	<result column="CLEAROBJECT_NAME" property="clearobjectName" />
	<result column="PROPOSER_DATE" property="proposerDate" />
	<result column="Proposer_Name" property="proposerName" />
	<result column="IDENTITY_CARD_NO" property="identityCardNo" />
	<result column="MOBILE" property="mobile" />
	<result column="CHANNEL" property="channer" />
	<result column="PNR" property="pnr" />
	<result column="CLEAROBJECT_TYPE" property="clearobjectType" />
	<result column="CREATE_TIME" property="createtime" />
	<result column="CLEAROBJECT_ID" property="clearobjectId" />
	<result column="SALETYPE" property="saletype" />
	<result column="REFUNDSTATUS" property="returndstatus" />
	<result column="STARTINDEX" property="startIndex"/>
	<result column="PAGESIZE" property="pageSize"/>
	<result column="PROCESS_ID" property="processId"/>
	<result column="drometax" property="drometax"/>
	<result column="fueltax" property="fueltax"/>
	<result column="ticket_price" property="ticketPrice"/>
	<result column="ticket_money" property="ticketMone"/>
	<result column="insurance" property="insurance"/>
	<result column="fee" property="fee"/>
	<result column="rate" property="rate"/>
	<result column="deduct_coin" property="deductCoin"/>
	<result column="Refund_Cash" property="refundCash"/>
	<result column="refund_coin" property="refundCoin"/>
	<result column="Order_id" property="orderId"/>
	<result column="deduct_cash" property="deductCash"/>
  </resultMap>
   <resultMap id="RefundTicketInfo" type="cn.itkt.btsf.sys.cc.national.vo.RefundTicketInfoVO" >
  		<id column="ID" property="id"/>
  		<result column="AIRWAYS" property="airways"/>
  		<result column="PASSENGER_NAME" property="passengerName" />
  		<result column="TAKEOFFTIME" property="takeofftime" />
  		<result column="ARRIVETIME" property="arrivetime" />
  		<result column="AIRTEAMNUM" property="airteamnum" />
  		<result column="SALEOFFICE" property="saleoffice" />
  		<result column="PNR" property="pnr" />
  		<result column="TICKET_NO" property="ticketNo" />
  		<result column="RECEIPT_CODE" property="receiptCode" />
  		<result column="SHIPPING_SPACE_TYPE" property="shippingSpaceType" />
  		<result column="TICKETDISCOUNT" property="ticketdiscount" />
  		<result column="DROMETAX" property="drometax" />
  		<result column="FUELTAX" property="fueltax" />
  		<result column="TICKET_PRICE" property="ticketPrice" />
  		<result column="RULE_SUMMARY" property="ruleSummary" />
  		<result column="TICKETSTATE" property="ticketstate" />
  		<result column="REFUND_CHARGE" property="refundCharge" />
  		<result column="CABIN_LEVEL" property="cabinLevel"/>
  		<result column="TAKEOFFLOCUS" property="takeofflocus" />
		<result column="ARRIVELOCUS" property="arrivelocus" />
		<result column="IDENTITY_CARD" property="identityCard"/>
		<result column="IDENTITY_CARD_TYPE" property="identityCardType"/>
		<result column="NEW_FLIGHT_DATE" property="changeTicketovo.newFlightDate"/>
		<result column="NEW_FLIGHT_NO" property="changeTicketovo.newFlightNo"/>
		<result column="NEW_TAKEOFF_TIME" property="changeTicketovo.newTakeoffTime"/>
		<result column="CHANGE_DATE_FEE" property="changeTicketovo.changeDateFee"/>
		<result column="SUBMIT_IN_PLATFORM" property="changeTicketovo.submitInPlatform"/>
		<result column="NEW_TICKET_NO" property="changeTicketovo.newTicketNo" />
		<result column="CHANGE_DATE_RATE" property="changeTicketovo.changeDateRate" />
		<result column="PAY_TYPE" property="changeTicketovo.payType" />
		<result column="REMARK" property="changeTicketovo.remark" />
		<result column="RULE_SUMMARY" property="ruleSummary"/>
		<result column="ORDER_ID" property="orderId"/>
		<result column="SALETIME" property="saletime"/>
		<result column="CABIN" property="cabin"/>
		<result column="INSURANCE_AMOUNT" property="insuranceAmount"/>
		<result column="HISTORYID" property="historyid"/>
		<result column="SALETYPE" property="saleType"/>
		<result column="STANDARD_SPACE" property="standardSpace"/>
		<result column="ATM_NO" property="atmNo"/>
		<result column="AIRPLANETYPE" property="airplanetype"/>
		<result column="TICKET_PRICE_PM" property="ticketPricePm"/>
  </resultMap>
    <resultMap id="BaseResultAllMap" type="cn.itkt.btsf.sys.adjustable.po.ApprovalHistoryPO" >
	<result column="ID" property="id" />
	<result column="EXECUTIONID" property="executionid" />
	<result column="TASKID" property="taskid" />
	<result column="TASKNAME" property="taskname" />
	<result column="BUSINESSCODE" property="businesscode" />
	<result column="AUTHORNAME" property="authorname" />
	<result column="AUTHORID" property="authorid" />
	<result column="TASKEND_TIME" property="taskendTime" />
	<result column="RESULT" property="result" />
	<result column="ADVICE" property="advice" />
	<result column="RESOURCEFORM" property="resourceform"/>
  </resultMap>
<resultMap id="BaseResultMap1" type="cn.itkt.btsf.sys.cc.national.vo.RefundOrderInfoVO" >
	<result column="B_ID" property="id"/>
	<result column="ORDER_NO" property="orderNo" />
	<result column="ORDER_STATUS" property="orderStatus" />
	<result column="SUBMIT_TIME" property="submitTime"/>
	<result column="AMOUNT" property="amount" />
	<result column="SALETYPE" property="saletype" />
	<result column="PAY_TYPE" property="paymentType"/>
	<result column="CHANNEL" property="channel"/>
	<result column="PAY_STATUS" property="payStatus"/>
	<result column="SALETYPE" property="saletype"/>
	<result column="CLEAROBJECT_TYPE" property="clearobjectType"/>
	<result column="CLEAROBJECT_NAME" property="clearobjectName"/>
	<result column="TICKET_TOTAL_AMOUNT" property="ticketTotalAmount"/>
	<collection property="refundTicketInfoVO" javaType="ArrayList" ofType="cn.itkt.btsf.sys.cc.national.vo.RefundTicketInfoVO">
		<result column="A_ID" property="id"/>
		<result column="A_SALETYPE" property="saleType"/>
		<result column="PASSENGER_NAME" property="passengerName" />
  		<result column="TAKEOFFTIME" property="takeofftime" />
  		<result column="AIRTEAMNUM" property="airteamnum" />
  		<result column="SALEOFFICE" property="saleoffice" />
  		<result column="PNR" property="pnr" />
  		<result column="TICKET_NO" property="ticketNo" />
  		<result column="RECEIPT_CODE" property="receiptCode" />
  		<result column="SHIPPING_SPACE_TYPE" property="shippingSpaceType" />
  		<result column="TICKETDISCOUNT" property="ticketdiscount" />
  		<result column="DROMETAX" property="drometax" />
  		<result column="FUELTAX" property="fueltax" />
  		<result column="TICKET_PRICE" property="ticketPrice" />
  		<result column="RULE_SUMMARY" property="ruleSummary" />
  		<result column="TICKETSTATE" property="ticketstate" />
  		<result column="REFUND_CHARGE" property="refundCharge" />
  		<result column="CABIN_LEVEL" property="cabinLevel"/>
  		<result column="TAKEOFFLOCUS" property="takeofflocus" />
		<result column="ARRIVELOCUS" property="arrivelocus" />
		<result column="TAKEOFFLOCUSNAME" property="takeofflocusname" />
		<result column="ARRIVELOCUSNAME" property="arrivelocusname" />
		<result column="IDENTITY_CARD" property="identityCard"/>
		<result column="ENDTIME" property="endtime"/>
		<result column="ATM_NO" property="atmNo"/>
		<result column="TICKETTYPE" property="tickettype"/>
		<result column="ACCOUNT" property="account"/>
       <result column="CUSTOMER_TYPE" property="customerType"/>
		<result column="NEW_FLIGHT_DATE" property="changeTicketovo.newFlightDate"/>
		<result column="NEW_FLIGHT_NO" property="changeTicketovo.newFlightNo"/>
		<result column="NEW_TAKEOFF_TIME" property="changeTicketovo.newTakeoffTime"/>
		<result column="CHANGE_DATE_FEE" property="changeTicketovo.changeDateFee"/>
		<result column="SUBMIT_IN_PLATFORM" property="changeTicketovo.submitInPlatform"/>
		<result column="INSURANCE_AMOUNT" property="insuranceAmount"/>
		<result column="PRINT_RESULT" property="printResult"/>
		<result column="SALETIME" property="saletime"/>
		<result column="CUSTOMER_NAME" property="customerName"/>
		<result column="CUSTOMER_ID" property="customerId"/>
		<result column="NODE_NAME" property="nodeName"/>
	</collection>
  </resultMap>
  	<select id="findallWasteticket" resultMap="Querymap" parameterType="cn.itkt.btsf.callcenter.refundandwaste.vo.RefundWasteConditionVO">
	select * from
				(select 
					T1.*,ROWNUM RN 
				from
				  (select distinct
			          t.ID,
			          t.PROCESS_ID,t.Requisition_Code,
			          t.NODE_NAME,t.Order_id, t.PASSENGER,
			          t.ticket_no, m.Takeofftime, m.Takeofflocus,
			          m.Arrivelocus,m.Airteamnum,m.Cabin_Level,
			          t.Proposer_Name,t.Proposer_Date, c.order_no, 
			          c.CLEAROBJECT_NAME,c.CLEAROBJECT_TYPE,b.MOBILE,
	                  m.drometax,m.fueltax,m.ticket_price,t.ticket_money,
	                  t.insurance,t.fee,t.rate,t.deduct_coin,
	                  t.Refund_Cash,t.refund_coin,t.deduct_cash
               from
                 BTSF_SYS_TICKET_REFUND t 
                      left join 
                 BTSF_SYS_TICKET_INFO m on t.ticket_no = m.ticket_no
                      left join 
                 BTSF_SYS_ORDER_INFO c on c.id=t.order_id
                      left join
                 BTSF_SYS_PSR_INFO b on b.id = m.passenger_id    
           <where>
           <if test="ticketno !=null and ticketno !=''">
              and t.ticket_no =#{ticketno}
          </if>
          <if test="passenger !=null and passenger !=''">
               and t.PASSENGER = #{passenger}
          </if>
          <if test="identityCardNo !=null and identityCardNo !=''">
               and  b.IDENTITY_CARD_NO=#{identityCardNo}
          </if>
          <if test="mobile !=null and mobile !=''">
               and b.MOBILE = #{mobile}
          </if>
          <if test="orderNo !=null and orderNo !=''">
              and c.order_no = #{orderNo}
          </if>
           <if test="channer !=null and channer !=''">
              and c.CHANNEL = #{channer}
           </if>
           <if test="pnr !=null and pnr !=''">
              and m.PNR = #{pnr}
           </if>
           <if test="clearobjectType !=null and clearobjectType !=''">
              and c.CLEAROBJECT_TYPE = #{clearobjectType}
           </if>
           <if test="createtimeStart !=null and createtimeStart !=''">
               and c.CREATE_TIME &gt;= to_date(#{createtimeStart},'yyyy-mm-dd')
           </if>
            <if test="createtimeend !=null and createtimeend !=''">
              and c.CREATE_TIME &lt;=to_date(#{createtimeend},'yyyy-mm-dd')
           </if>
           <if test="takeofftimeStart !=null and takeofftimeStart!='' ">
               and m.Takeofftime &gt;= to_date(#{takeofftimeStart},'yyyy-mm-dd')
           </if>
           <if test="takeofftimeend !=null and takeofftimeend !=''">
              and m.Takeofftime &lt;=to_date(#{takeofftimeend},'yyyy-mm-dd')
           </if>
           <if test="takeofflocus!=null and takeofflocus !=''">
              and m.TAKEOFFLOCUS = #{takeofflocus}
           </if>
           <if test="arrivelocus !=null and arrivelocus !=''">
             and  m.ARRIVELOCUS = #{arrivelocus}
           </if>
           <if test="airteamnum !=null and airteamnum !=''">
             and m.Airteamnum =#{airteamnum}
           </if>
           <if test="cabinLevel !=null and cabinLevel !=''">
             and  m.Cabin_Level =#{cabinLevel}
           </if>
           <if test="clearobjectName !=null and clearobjectName !=''">
             and c.CLEAROBJECT_NAME = #{clearobjectName}
           </if>
           <if test="clearobjectId !=null and clearobjectId !=''">
             and c.CLEAROBJECT_ID = #{clearobjectId}
           </if>
           <if test="saletype !=null and saletype !=''">
             and m.SALETYPE =#{saletype}
           </if>
           <if test="nodename !=null and nodename !=''">
             and t.NODE_NAME = #{nodename}
           </if>
           <if test="returndstatus !=null and returndstatus !=''">
             and t.REFUNDSTATUS = #{returndstatus}
           </if>
           <if test="proposerType !=null and proposerType !=''">
            and  t.PROPOSER_TYPE = #{proposerType}
           </if>
           <if test="jbpmId != null and jbpmId != ''">
             and t.PROCESS_ID in (${jbpmId})
           </if>
           <if test="stase !=null and stase !=''">
             and t.NODE_NAME !='00' and t.NODE_NAME !='01' and t.NODE_NAME !='02'
           </if>
           </where>
           order by
				t.ticket_no desc
					) T1 
					<if test="pageSize !=null and pageSize !=''" >
					<![CDATA[ where ROWNUM <= (#{startIndex} + #{pageSize})]]>
					</if>
		        	) T2
		        	<if test="startIndex !=null and startIndex !='' ">
		        	  where RN>#{startIndex}
		        	 </if>
		        	
	</select>
	<select id="findRequest">
	
	</select>
	<select id="account" resultType="int" parameterType="cn.itkt.btsf.callcenter.refundandwaste.vo.RefundWasteConditionVO">
	select count(*)  from
                 BTSF_SYS_TICKET_REFUND t 
                      left join 
                   BTSF_SYS_TICKET_INFO m 
                 on t.ticket_no = m.ticket_no
                 left join 
                 BTSF_SYS_ORDER_INFO c
                 on c.order_no=t.order_id
                left join
                BTSF_SYS_PSR_INFO b
                on b.id = m.passenger_id
          <where>
           <if test="ticketno !=null and ticketno !=''">
               t.ticket_no =#{ticketno}
          </if>
          <if test="passenger !=null and passenger !=''">
               and t.PASSENGER = #{passenger}
          </if>
          <if test="identityCardNo !=null and identityCardNo !=''">
               and  b.IDENTITY_CARD_NO=#{identityCardNo}
          </if>
          <if test="mobile !=null and mobile !=''">
               and b.MOBILE = #{mobile}
          </if>
          <if test="orderNo !=null and orderNo !=''">
              and c.order_no = #{orderNo}
          </if>
           <if test="channer !=null and channer !=''">
              and c.CHANNEL = #{channer}
           </if>
           <if test="pnr !=null and pnr !=''">
              and m.PNR = #{pnr}
           </if>
           <if test="clearobjectType !=null and clearobjectType !=''">
              and c.CLEAROBJECT_TYPE = #{clearobjectType}
           </if>
           <if test="createtimeStart !=null and createtimeStart !=''">
               and c.CREATE_TIME &gt;= to_date(#{createtimeStart},'yyyy-mm-dd')
           </if>
            <if test="createtimeend !=null and createtimeend !=''">
              and c.CREATE_TIME &lt;=to_date(#{createtimeend},'yyyy-mm-dd')
           </if>
           <if test="takeofftimeStart !=null and takeofftimeStart!='' ">
               and m.Takeofftime &gt;= to_date(#{takeofftimeStart},'yyyy-mm-dd')
           </if>
           <if test="takeofftimeend !=null and takeofftimeend !=''">
              and m.Takeofftime &lt;=to_date(#{takeofftimeend},'yyyy-mm-dd')
           </if>
           <if test="takeofflocus!=null and takeofflocus !=''">
              and m.TAKEOFFLOCUS = #{takeofflocus}
           </if>
           <if test="arrivelocus !=null and arrivelocus !=''">
             and  m.ARRIVELOCUS = #{arrivelocus}
           </if>
           <if test="airteamnum !=null and airteamnum !=''">
             and m.Airteamnum =#{airteamnum}
           </if>
           <if test="cabinLevel !=null and cabinLevel !=''">
             and  m.Cabin_Level =#{cabinLevel}
           </if>
           <if test="clearobjectName !=null and clearobjectName !=''">
             and c.CLEAROBJECT_NAME = #{clearobjectName}
           </if>
           <if test="clearobjectId !=null and clearobjectId !=''">
             and c.CLEAROBJECT_ID = #{clearobjectId}
           </if>
           <if test="saletype !=null and saletype !=''">
             and m.SALETYPE =#{saletype}
           </if>
           <if test="nodename !=null and nodename !=''">
             and t.NODE_NAME = #{nodename}
           </if>
           <if test="returndstatus !=null and returndstatus !=''">
             and t.REFUNDSTATUS = #{returndstatus}
           </if>
           <if test="proposerType !=null and proposerType !=''">
            and  t.PROPOSER_TYPE = #{proposerType}
           </if>
            <if test="jbpmId != null and jbpmId != ''">
             and t.PROCESS_ID in (${jbpmId})
           </if>
           </where>
	</select>
  <select id="find" resultMap="BaseResultMap" parameterType="String" >
    select ID,REQUISITION_CODE,PROPOSER_ID,PROPOSER_NAME,PROPOSER_DATE,PROPOSER_TYPE,NODE_NAME,TICKET_ID,TICKET_NO,ORDER_ID,PROCESS_ID,REFUND_REQ_ID,REFUND_WAY,TICKET_MONEY,RATE,FEE,REFUND_CASH,REFUND_COIN,DEDUCT_CASH,DEDUCT_COIN,INSURANCE,NEED_SMS,NEED_BILL,RECEIPT_MARK_TIME,RECEIPT_MARK_STAFF,RECEIPT_CODE,RECEIPT_RETURN_TYPE,APPROVER,BILL_SEND_ADDRESS,BILL_POST_CODE,BILL_RECIPIENT,BILL_POST_TYPE,PUTCARD_NAME,OPENCARD_PLACE,BANKCARD_NUMBER,SMS_TYPE,SMS_MANNAME,SMS_MANNUMBER,PRINT_STATUS,IFOUTDATE,FILE_NAME,IFREFUND,NEED_REFUNDFEE,PASSENGER,REFUND_VOLUNTARY,REMARK,REFUNDSTATUS
    from BTSF_SYS_TICKET_REFUND
    where
    ID = #{id}
  </select>
  
  <select id="findByMap" resultMap="BaseResultMap" parameterType="hashmap" >
    select ID,REQUISITION_CODE,PROPOSER_ID,PROPOSER_NAME,PROPOSER_DATE,PROPOSER_TYPE,NODE_NAME,TICKET_ID,TICKET_NO,ORDER_ID,PROCESS_ID,REFUND_REQ_ID,REFUND_WAY,TICKET_MONEY,RATE,FEE,REFUND_CASH,REFUND_COIN,DEDUCT_CASH,DEDUCT_COIN,INSURANCE,NEED_SMS,NEED_BILL,RECEIPT_MARK_TIME,RECEIPT_MARK_STAFF,RECEIPT_CODE,RECEIPT_RETURN_TYPE,APPROVER,BILL_SEND_ADDRESS,BILL_POST_CODE,BILL_RECIPIENT,BILL_POST_TYPE,PUTCARD_NAME,OPENCARD_PLACE,BANKCARD_NUMBER,SMS_TYPE,SMS_MANNAME,SMS_MANNUMBER,PRINT_STATUS,IFOUTDATE,FILE_NAME,IFREFUND,NEED_REFUNDFEE,PASSENGER,REFUND_VOLUNTARY,REMARK,REFUNDSTATUS
    from BTSF_SYS_TICKET_REFUND
    where
    <if test="requisitionCode != null and requisitionCode != ''">
    	REQUISITION_CODE = #{requisitionCode}
    </if>
  </select>
  
  <select id="findAll" resultMap="BaseResultMap" >
    select ID,REQUISITION_CODE,PROPOSER_ID,PROPOSER_NAME,PROPOSER_DATE,PROPOSER_TYPE,NODE_NAME,TICKET_ID,TICKET_NO,ORDER_ID,PROCESS_ID,REFUND_REQ_ID,REFUND_WAY,TICKET_MONEY,RATE,FEE,REFUND_CASH,REFUND_COIN,DEDUCT_CASH,DEDUCT_COIN,INSURANCE,NEED_SMS,NEED_BILL,RECEIPT_MARK_TIME,RECEIPT_MARK_STAFF,RECEIPT_CODE,RECEIPT_RETURN_TYPE,APPROVER,BILL_SEND_ADDRESS,BILL_POST_CODE,BILL_RECIPIENT,BILL_POST_TYPE,PUTCARD_NAME,OPENCARD_PLACE,BANKCARD_NUMBER,SMS_TYPE,SMS_MANNAME,SMS_MANNUMBER,PRINT_STATUS,IFOUTDATE,FILE_NAME,IFREFUND,NEED_REFUNDFEE,PASSENGER,REFUND_VOLUNTARY,REMARK,REFUNDSTATUS
    from BTSF_SYS_TICKET_REFUND
  </select>
  
  <delete id="delete" parameterType="String" >
    delete from BTSF_SYS_TICKET_REFUND
    where 
    ID = #{id}
  </delete>
  
  <insert id="create" parameterType="cn.itkt.btsf.callcenter.refundandwaste.po.RefundAndWasteTicketPO" >
	<selectKey keyProperty="id" resultType="long" order="BEFORE">
		select S_BTSF_SYS_TICKET_REFUND.nextval from dual
	</selectKey>
    insert into BTSF_SYS_TICKET_REFUND (ID,REQUISITION_CODE,PROPOSER_ID,PROPOSER_NAME,PROPOSER_DATE,PROPOSER_TYPE,NODE_NAME,TICKET_ID,TICKET_NO,ORDER_ID,PROCESS_ID,REFUND_REQ_ID,REFUND_WAY,TICKET_MONEY,RATE,FEE,REFUND_CASH,REFUND_COIN,DEDUCT_CASH,DEDUCT_COIN,INSURANCE,NEED_SMS,NEED_BILL,RECEIPT_MARK_TIME,RECEIPT_MARK_STAFF,RECEIPT_CODE,RECEIPT_RETURN_TYPE,APPROVER,BILL_SEND_ADDRESS,BILL_POST_CODE,BILL_RECIPIENT,BILL_POST_TYPE,PUTCARD_NAME,OPENCARD_PLACE,BANKCARD_NUMBER,SMS_TYPE,SMS_MANNAME,SMS_MANNUMBER,PRINT_STATUS,IFOUTDATE,FILE_NAME,IFREFUND,NEED_REFUNDFEE,PASSENGER,REFUND_VOLUNTARY,REMARK,REFUNDSTATUS)
    values (
			#{ id, javaType=Long, jdbcType=NUMERIC},
			#{ requisitionCode, javaType=String, jdbcType=VARCHAR},
			#{ proposerId, javaType=Long, jdbcType=NUMERIC},
			#{ proposerName, javaType=String, jdbcType=VARCHAR},
			#{ proposerDate, javaType=Date, jdbcType=TIMESTAMP},
			#{ proposerType, javaType=String, jdbcType=VARCHAR},
			#{ nodeName, javaType=String, jdbcType=VARCHAR},
			#{ ticketId, javaType=Long, jdbcType=NUMERIC},
			#{ ticketNo, javaType=String, jdbcType=VARCHAR},
			#{ orderId, javaType=String, jdbcType=VARCHAR},
			#{ processId, javaType=String, jdbcType=VARCHAR},
			#{ refundReqId, javaType=Long, jdbcType=NUMERIC},
			#{ refundWay, javaType=String, jdbcType=VARCHAR},
			#{ ticketMoney, javaType=double, jdbcType=NUMERIC},
			#{ rate, javaType=double, jdbcType=NUMERIC},
			#{ fee, javaType=double, jdbcType=NUMERIC},
			#{ refundCash, javaType=double, jdbcType=NUMERIC},
			#{ refundCoin, javaType=String, jdbcType=VARCHAR},
			#{ deductCash, javaType=double, jdbcType=NUMERIC},
			#{ deductCoin, javaType=double, jdbcType=NUMERIC},
			#{ insurance, javaType=double, jdbcType=NUMERIC},
			#{ needSms, javaType=String, jdbcType=VARCHAR},
			#{ needBill, javaType=String, jdbcType=VARCHAR},
			#{ receiptMarkTime, javaType=Date, jdbcType=TIMESTAMP},
			#{ receiptMarkStaff, javaType=String, jdbcType=VARCHAR},
			#{ receiptCode, javaType=String, jdbcType=VARCHAR},
			#{ receiptReturnType, javaType=String, jdbcType=VARCHAR},
			#{ approver, javaType=String, jdbcType=VARCHAR},
			#{ billSendAddress, javaType=String, jdbcType=VARCHAR},
			#{ billPostCode, javaType=String, jdbcType=VARCHAR},
			#{ billRecipient, javaType=String, jdbcType=VARCHAR},
			#{ billPostType, javaType=String, jdbcType=VARCHAR},
			#{ putcardName, javaType=String, jdbcType=VARCHAR},
			#{ opencardPlace, javaType=String, jdbcType=VARCHAR},
			#{ bankcardNumber, javaType=String, jdbcType=VARCHAR},
			#{ smsType, javaType=String, jdbcType=VARCHAR},
			#{ smsManname, javaType=String, jdbcType=VARCHAR},
			#{ smsMannumber, javaType=String, jdbcType=VARCHAR},
			#{ printStatus, javaType=String, jdbcType=VARCHAR},
			#{ ifoutdate, javaType=String, jdbcType=VARCHAR},
			#{ fileName, javaType=String, jdbcType=VARCHAR},
			#{ ifrefund, javaType=String, jdbcType=VARCHAR},
			#{ needRefundfee, javaType=String, jdbcType=VARCHAR},
			#{ passenger, javaType=String, jdbcType=VARCHAR},
			#{ refundVoluntary, javaType=String, jdbcType=VARCHAR},
			#{ remark, javaType=String, jdbcType=VARCHAR},
			#{ refundstatus, javaType=String, jdbcType=VARCHAR}
	    )
  </insert>

  <update id="update" parameterType="cn.itkt.btsf.callcenter.refundandwaste.po.RefundAndWasteTicketPO" >
    update BTSF_SYS_TICKET_REFUND
    set
    	<if test="requisitionCode != null and requisitionCode != ''">
			REQUISITION_CODE = #{ requisitionCode, javaType=String, jdbcType=VARCHAR},
		</if>
		<if test="proposerId != null and proposerId!= 0">
			PROPOSER_ID = #{ proposerId, javaType=Long, jdbcType=NUMERIC},
		</if>
		<if test="proposerName != null and proposerName != ''">
			PROPOSER_NAME = #{ proposerName, javaType=String, jdbcType=VARCHAR},
		</if>
		<if test="proposerDate != null">
			PROPOSER_DATE = #{ proposerDate, javaType=Date, jdbcType=TIMESTAMP},
		</if>
		<if test="proposerType != null and proposerType != ''">
			PROPOSER_TYPE = #{ proposerType, javaType=String, jdbcType=VARCHAR},
		</if>
		<if test="nodeName != null and nodeName != ''">
			NODE_NAME = #{ nodeName, javaType=String, jdbcType=VARCHAR},
		</if>
		<if test="ticketId != null and ticketId!= 0">
			TICKET_ID = #{ ticketId, javaType=Long, jdbcType=NUMERIC},
		</if>
		<if test="ticketNo != null and ticketNo != ''">
			TICKET_NO = #{ ticketNo, javaType=String, jdbcType=VARCHAR},
		</if>
		<if test="orderId != null and orderId != ''">
			ORDER_ID = #{ orderId, javaType=String, jdbcType=VARCHAR},
		</if>
		<if test="processId != null and processId != ''">
			PROCESS_ID = #{ processId, javaType=String, jdbcType=VARCHAR},
		</if>
		<if test="refundReqId != null and refundReqId!= 0">
			REFUND_REQ_ID = #{ refundReqId, javaType=Long, jdbcType=NUMERIC},
		</if>
		<if test="refundWay != null and refundWay != ''">
			REFUND_WAY = #{ refundWay, javaType=String, jdbcType=VARCHAR},
		</if>
		<if test="ticketMoney != null">
			TICKET_MONEY = #{ ticketMoney, javaType=double, jdbcType=NUMERIC},
		</if>
		<if test="rate != null">
			RATE = #{ rate, javaType=double, jdbcType=NUMERIC},
		</if>
		<if test="fee != null">
			FEE = #{ fee, javaType=double, jdbcType=NUMERIC},
		</if>
		<if test="refundCash != null">
			REFUND_CASH = #{ refundCash, javaType=double, jdbcType=NUMERIC},
		</if>
		<if test="refundCoin != null and refundCoin != ''">
			REFUND_COIN = #{ refundCoin, javaType=String, jdbcType=VARCHAR},
		</if>
		<if test="deductCash != null">
			DEDUCT_CASH = #{ deductCash, javaType=double, jdbcType=NUMERIC},
		</if>
		<if test="deductCoin != null">
			DEDUCT_COIN = #{ deductCoin, javaType=double, jdbcType=NUMERIC},
		</if>
		<if test="insurance != null">
			INSURANCE = #{ insurance, javaType=double, jdbcType=NUMERIC},
		</if>
		<if test="needSms != null and needSms != ''">
			NEED_SMS = #{ needSms, javaType=String, jdbcType=VARCHAR},
		</if>
		<if test="needBill != null and needBill != ''">
			NEED_BILL = #{ needBill, javaType=String, jdbcType=VARCHAR},
		</if>
		<if test="receiptMarkTime != null">
			RECEIPT_MARK_TIME = #{ receiptMarkTime, javaType=Date, jdbcType=TIMESTAMP},
		</if>
		<if test="receiptMarkStaff != null and receiptMarkStaff != ''">
			RECEIPT_MARK_STAFF = #{ receiptMarkStaff, javaType=String, jdbcType=VARCHAR},
		</if>
		<if test="receiptCode != null and receiptCode != ''">
			RECEIPT_CODE = #{ receiptCode, javaType=String, jdbcType=VARCHAR},
		</if>
		<if test="receiptReturnType != null and receiptReturnType != ''">
			RECEIPT_RETURN_TYPE = #{ receiptReturnType, javaType=String, jdbcType=VARCHAR},
		</if>
		<if test="approver != null and approver != ''">
			APPROVER = #{ approver, javaType=String, jdbcType=VARCHAR},
		</if>
		<if test="billSendAddress != null and billSendAddress != ''">
			BILL_SEND_ADDRESS = #{ billSendAddress, javaType=String, jdbcType=VARCHAR},
		</if>
		<if test="billPostCode != null and billPostCode != ''">
			BILL_POST_CODE = #{ billPostCode, javaType=String, jdbcType=VARCHAR},
		</if>
		<if test="billRecipient != null and billRecipient != ''">
			BILL_RECIPIENT = #{ billRecipient, javaType=String, jdbcType=VARCHAR},
		</if>
		<if test=" billPostType != null and billPostType != ''">
			BILL_POST_TYPE = #{ billPostType, javaType=String, jdbcType=VARCHAR},
		</if>
		<if test="putcardName != null and putcardName != ''">
			PUTCARD_NAME = #{ putcardName, javaType=String, jdbcType=VARCHAR},
		</if>
		<if test="opencardPlace != null and opencardPlace != ''">
			OPENCARD_PLACE = #{ opencardPlace, javaType=String, jdbcType=VARCHAR},
		</if>
		<if test="bankcardNumber != null and bankcardNumber != ''">
			BANKCARD_NUMBER = #{ bankcardNumber, javaType=String, jdbcType=VARCHAR},
		</if>
		<if test="smsType != null and smsType != ''">
			SMS_TYPE = #{ smsType, javaType=String, jdbcType=VARCHAR},
		</if>
		<if test="smsManname != null and smsManname != ''">
			SMS_MANNAME = #{ smsManname, javaType=String, jdbcType=VARCHAR},
		</if>
		<if test="smsMannumber != null and smsMannumber != ''">
			SMS_MANNUMBER = #{ smsMannumber, javaType=String, jdbcType=VARCHAR},
		</if>
		<if test="printStatus != null and printStatus != ''">
			PRINT_STATUS = #{ printStatus, javaType=String, jdbcType=VARCHAR},
		</if>
		<if test="ifoutdate != null and ifoutdate != ''">
			IFOUTDATE = #{ ifoutdate, javaType=String, jdbcType=VARCHAR},
		</if>
		<if test="fileName != null and fileName != ''">
			FILE_NAME = #{ fileName, javaType=String, jdbcType=VARCHAR},
		</if>
		<if test="ifrefund != null and ifrefund != ''">
			IFREFUND = #{ ifrefund, javaType=String, jdbcType=VARCHAR},
		</if>
		<if test="needRefundfee != null and needRefundfee != ''">
			NEED_REFUNDFEE = #{ needRefundfee, javaType=String, jdbcType=VARCHAR},
		</if>
		<if test="passenger != null and passenger != ''">
			PASSENGER = #{ passenger, javaType=String, jdbcType=VARCHAR},
		</if>
		<if test="refundVoluntary != null and refundVoluntary != ''">
			REFUND_VOLUNTARY = #{ refundVoluntary, javaType=String, jdbcType=VARCHAR},
		</if>
		<if test="refundstatus != null and refundstatus != ''">
			REFUNDSTATUS = #{ refundstatus, javaType=String, jdbcType=VARCHAR},
		</if>
		REMARK = #{ remark, javaType=String, jdbcType=VARCHAR}
    where 
    ID = #{id}
  </update>
  
   <select id="checkTiketStatus" parameterType="String" resultType="Integer">
	  	select count(*) from BTSF_SYS_TICKET_INFO where TICKET_NO in (#{ticketNo})
	  	and (TICKETSTATE = '02' or TICKETSTATE = '12' or TICKETSTATE = '03' or TICKETSTATE = '14')
  </select>
   <select id="getHistoryApprovalList" resultMap="BaseResultAllMap" parameterType="String" >
    select ID,EXECUTIONID,TASKID,TASKNAME,BUSINESSCODE,AUTHORNAME,AUTHORID,TASKEND_TIME,RESULT,ADVICE,RESOURCEFORM
    from JBPM4_APPROVALHISTORY 
    where
			BUSINESSCODE = #{requisitionId} ORDER BY TASKEND_TIME
	  </select>
	  <select id="getTicketInfoByOrderId2" resultMap="RefundTicketInfo" parameterType="long">
  	select A.TAKEOFFLOCUS,A.ARRIVELOCUS,B.NAME PASSENGER_NAME,B.IDENTITY_CARD_NO IDENTITY_CARD,A.TAKEOFFTIME
		from BTSF_SYS_TICKET_INFO A inner join BTSF_SYS_PSR_INFO B on A.PASSENGER_ID=B.ID  where A.Order_Id=#{orderId}
  </select>
   <select id="findAboutOrder" resultMap="BaseResultMap1" parameterType="java.util.Map">
	  	select B.ID B_ID,B.ORDER_NO,B.ORDER_STATUS,B.SUBMIT_TIME,B.AMOUNT,A.PNR,A.TAKEOFFTIME,A.TAKEOFFLOCUS,A.ARRIVELOCUS,A.AIRTEAMNUM,A.CABIN_LEVEL,D.CUSTOMER_TYPE,D.CUSTOMER_ID,D.CUSTOMER_NAME,A.PASSENGER_NAME,A.TICKET_NO,C.IDENTITY_CARD_NO
	  	 FROM BTSF_SYS_TICKET_INFO A INNER JOIN BTSF_SYS_ORDER_INFO B ON A.ORDER_ID=B.ID inner join btsf_sys_order_ccext D on D.ORDER_NO=B.ORDER_NO left JOIN BTSF_SYS_PSR_INFO C  ON A.PASSENGER_ID=C.ID
	  	 <where>
	  	  <if test="passengerName!=null and passengerName!=''">
	  	 	A.PASSENGER_NAME = #{passengerName} 
	  	 </if>
	  	 <if test="identityCard!=null and identityCard!=''">
	  	 	AND C.IDENTITY_CARD_NO = #{identityCard}
	  	 </if>
	  	 <if test=" takeofflocus != null and takeofflocus != ''">
  	 		AND (A.TAKEOFFLOCUS LIKE '%${takeofflocus}%' or A.TAKEOFFLOCUSNAME LIKE '%${takeofflocus}%')
  	 	</if>
  	 	<if test=" arrivelocus != null and arrivelocus != ''">
  	 		AND (A.ARRIVELOCUS LIKE '%${arrivelocus}%' or A.ARRIVELOCUSNAME LIKE '%${arrivelocus}%')
  	 	</if>
	  	   <if test="takeofftime1!=null and takeofftime1!=''">
	  	   AND <![CDATA[ to_char(A.TAKEOFFTIME,'yyyy-MM-dd') <= ]]>to_char(#{takeofftime1},'yyyy-MM-dd')
	  	   </if>
	  	    <if test="takeofftime2!=null and takeofftime2!=''">
	  	    AND <![CDATA[ to_char(A.TAKEOFFTIME,'yyyy-MM-dd') >= ]]>to_char(#{takeofftime2},'yyyy-MM-dd')
	  	    </if>
	  	    </where>
  </select>
  <select id="wasteAndRequestFee" resultMap="BaseResultMap" parameterType="String">
     select t.Deduct_Cash,t.Deduct_Coin,t.Refund_Cash,t.Refund_Coin,t.Refund_Way,t.REQUISITION_CODE,
           t.Receipt_Return_Type,t.Need_Refundfee,t.Need_Sms,t.passenger from BTSF_SYS_TICKET_REFUND t
     where
         t.Requisition_Code=#{requisitionId}
  </select>
  <select id="checkAgain" resultType="String" parameterType="long">
     select t.PROPOSER_TYPE from BTSF_SYS_TICKET_REFUND t where t.TICKET_ID = #{ticketId}
  </select>
</mapper>